timestamp,glucose
2026-09-01T00:00:56,130
2026-09-01T00:05:55,134
2026-09-01T00:10:55,136
2026-09-01T00:15:55,136
2026-09-01T00:20:55,138
2026-09-01T00:25:55,149
2026-09-01T00:50:55,114
2026-09-01T00:55:55,126
2026-09-01T01:00:56,141
2026-09-01T01:05:55,147
2026-09-01T01:10:55,146
2026-09-01T01:15:55,146
2026-09-01T01:20:55,165
2026-09-01T01:25:55,165
2026-09-01T01:30:55,162
2026-09-01T01:35:55,163
2026-09-01T01:40:56,164
2026-09-01T01:45:55,165
2026-09-01T01:50:55,165
2026-09-01T01:55:55,165
2026-09-01T02:00:55,158
2026-09-01T02:05:55,158
2026-09-01T02:10:55,158
2026-09-01T02:15:56,158
2026-09-01T02:20:56,158
2026-09-01T02:25:56,156
2026-09-01T02:30:55,155
2026-09-01T02:35:59,141
2026-09-01T02:40:56,140
2026-09-01T02:45:56,146
2026-09-01T02:50:55,138
2026-09-01T02:55:55,130
2026-09-01T03:00:55,128
2026-09-01T03:05:55,130
2026-09-01T03:10:55,129
2026-09-01T03:15:55,130
2026-09-01T03:20:55,124
2026-09-01T03:25:55,122
2026-09-01T03:30:55,118
2026-09-01T03:35:56,114
2026-09-01T03:40:55,112
2026-09-01T03:45:56,111
2026-09-01T03:50:55,115
2026-09-01T03:55:55,110
2026-09-01T04:00:55,108
2026-09-01T04:05:55,106
2026-09-01T04:10:55,104
2026-09-01T04:15:55,103
2026-09-01T04:20:55,101
2026-09-01T04:25:56,98
2026-09-01T04:30:55,96
2026-09-01T04:35:58,96
2026-09-01T04:40:55,88
2026-09-01T04:45:56,92
2026-09-01T04:50:55,85
2026-09-01T04:55:55,90
2026-09-01T05:00:56,97
2026-09-01T05:05:55,83
2026-09-01T05:10:56,84
2026-09-01T05:15:55,94
2026-09-01T05:20:55,105
2026-09-01T05:25:55,100
2026-09-01T05:30:55,103
2026-09-01T05:35:56,110
2026-09-01T05:40:56,117
2026-09-01T05:45:56,117
2026-09-01T05:50:55,121
2026-09-01T05:55:55,120
2026-09-01T06:00:55,121
2026-09-01T06:05:56,120
2026-09-01T06:10:56,121
2026-09-01T06:15:56,122
2026-09-01T06:20:56,119
2026-09-01T06:25:55,118
2026-09-01T06:30:55,116
2026-09-01T06:35:55,117
2026-09-01T06:40:59,120
2026-09-01T06:45:56,133
2026-09-01T06:50:56,152
2026-09-01T06:55:56,153
2026-09-01T07:00:56,152
2026-09-01T07:05:55,150
2026-09-01T07:10:56,144
2026-09-01T07:15:56,159
2026-09-01T07:20:56,143
2026-09-01T07:25:55,128
2026-09-01T07:30:56,121
2026-09-01T07:35:56,116
2026-09-01T07:40:56,117
2026-09-01T07:45:55,107
2026-09-01T07:50:55,102
2026-09-01T07:55:55,106
2026-09-01T08:00:42,104
2026-09-01T08:05:41,99
2026-09-01T08:10:42,97
2026-09-01T08:15:42,95
2026-09-01T08:20:42,91
2026-09-01T08:25:42,83
2026-09-01T08:30:41,67
2026-09-01T08:35:41,72
2026-09-01T08:40:42,72
2026-09-01T08:45:44,81
2026-09-01T08:50:41,88
2026-09-01T08:55:41,80
2026-09-01T09:00:41,72
2026-09-01T09:05:42,64
2026-09-01T09:10:41,58
2026-09-01T09:15:42,56
2026-09-01T09:20:42,64
2026-09-01T09:25:42,67
2026-09-01T09:30:41,63
2026-09-01T09:35:42,61
2026-09-01T09:40:41,63
2026-09-01T09:45:42,70
2026-09-01T09:50:41,73
2026-09-01T09:55:41,80
2026-09-01T10:00:42,82
2026-09-01T10:05:41,86
2026-09-01T10:10:42,90
2026-09-01T10:15:41,91
2026-09-01T10:20:42,95
2026-09-01T10:25:41,95
2026-09-01T10:30:41,99
2026-09-01T10:35:41,97
2026-09-01T10:40:42,97
2026-09-01T10:45:45,98
2026-09-01T10:50:41,101
2026-09-01T10:55:42,102
2026-09-01T11:00:42,104
2026-09-01T11:05:42,108
2026-09-01T11:10:42,104
2026-09-01T11:15:41,106
2026-09-01T11:20:42,116
2026-09-01T11:25:41,122
2026-09-01T11:30:41,132
2026-09-01T11:35:42,139
2026-09-01T11:40:41,149
2026-09-01T11:45:42,162
2026-09-01T11:50:42,167
2026-09-01T11:55:41,177
2026-09-01T12:00:42,184
2026-09-01T12:05:42,186
2026-09-01T12:10:41,190
2026-09-01T12:15:42,188
2026-09-01T12:20:42,188
2026-09-01T12:25:41,192
2026-09-01T12:30:42,193
2026-09-01T12:35:41,195
2026-09-01T12:40:42,191
2026-09-01T12:45:44,196
2026-09-01T12:50:42,197
2026-09-01T12:55:41,199
2026-09-01T13:00:42,199
2026-09-01T13:05:42,196
2026-09-01T13:10:41,189
2026-09-01T13:15:42,186
2026-09-01T13:20:41,187
2026-09-01T13:25:42,185
2026-09-01T13:30:42,185
2026-09-01T13:35:42,185
2026-09-01T13:40:42,186
2026-09-01T13:45:41,181
2026-09-01T13:50:42,164
2026-09-01T13:55:42,146
2026-09-01T14:00:41,139
2026-09-01T14:05:41,131
2026-09-01T14:10:42,121
2026-09-01T14:15:42,117
2026-09-01T14:20:41,115
2026-09-01T14:25:42,105
2026-09-01T14:30:42,101
2026-09-01T14:35:42,100
2026-09-01T14:40:41,92
2026-09-01T14:45:42,84
2026-09-01T14:50:45,81
2026-09-01T14:55:42,72
2026-09-01T15:00:42,65
2026-09-01T15:02:00,
2026-09-01T15:05:42,51
2026-09-01T15:10:41,61
2026-09-01T15:15:41,56
2026-09-01T15:20:42,60
2026-09-01T15:25:42,62
2026-09-01T15:30:41,67
2026-09-01T15:35:41,71
2026-09-01T15:40:42,74
2026-09-01T15:45:41,80
2026-09-01T15:50:42,82
2026-09-01T15:55:41,84
2026-09-01T16:00:42,85
2026-09-01T16:05:42,85
2026-09-01T16:10:42,85
2026-09-01T16:15:42,84
2026-09-01T16:20:41,81
2026-09-01T16:25:42,76
2026-09-01T16:30:42,69
2026-09-01T16:35:41,73
2026-09-01T16:40:42,77
2026-09-01T16:45:42,90
2026-09-01T16:50:42,96
2026-09-01T16:55:49,102
2026-09-01T17:00:42,105
2026-09-01T17:05:42,108
2026-09-01T17:10:42,110
2026-09-01T17:15:41,112
2026-09-01T17:20:42,114
2026-09-01T17:25:42,114
2026-09-01T17:30:41,116
2026-09-01T17:35:42,114
2026-09-01T17:40:42,118
2026-09-01T17:45:42,118
2026-09-01T17:50:41,118
2026-09-01T17:55:42,120
2026-09-01T18:00:42,119
2026-09-01T18:05:42,121
2026-09-01T18:10:42,122
2026-09-01T18:15:42,120
2026-09-01T18:20:42,112
2026-09-01T18:25:41,113
2026-09-01T18:30:42,116
2026-09-01T18:35:42,113
2026-09-01T18:40:41,108
2026-09-01T18:45:42,107
2026-09-01T18:50:41,100
2026-09-01T18:55:42,95
2026-09-01T19:00:45,91
2026-09-01T19:05:42,86
2026-09-01T19:10:42,83
2026-09-01T19:15:42,79
2026-09-01T19:20:42,70
2026-09-01T19:25:42,60
2026-09-01T19:30:42,55
2026-09-01T19:35:42,51
2026-09-01T19:40:42,64
2026-09-01T19:45:42,77
2026-09-01T19:50:42,80
2026-09-01T19:55:42,84
2026-09-01T20:00:41,90
2026-09-01T20:05:42,91
2026-09-01T20:10:41,98
2026-09-01T20:15:42,97
2026-09-01T20:20:41,99
2026-09-01T20:25:42,100
2026-09-01T20:30:42,95
2026-09-01T20:35:42,96
2026-09-01T20:40:42,98
2026-09-01T20:45:42,100
2026-09-01T20:50:42,103
2026-09-01T20:55:42,108
2026-09-01T21:00:45,113
2026-09-01T21:05:42,112
2026-09-01T21:10:42,113
2026-09-01T21:15:42,119
2026-09-01T21:20:42,124
2026-09-01T21:25:42,129
2026-09-01T21:30:42,124
2026-09-01T21:35:41,116
2026-09-01T21:40:42,119
2026-09-01T21:45:42,123
2026-09-01T21:50:42,124
2026-09-01T21:55:41,123
2026-09-01T22:00:42,117
2026-09-01T22:05:42,118
2026-09-01T22:10:42,120
2026-09-01T22:15:42,120
2026-09-01T22:20:42,119
2026-09-01T22:25:42,118
2026-09-01T22:30:41,120
2026-09-01T22:35:42,122
2026-09-01T22:40:42,122
2026-09-01T22:45:42,123
2026-09-01T22:50:42,119
2026-09-01T22:55:41,118
2026-09-01T23:00:45,124
2026-09-01T23:05:42,122
2026-09-01T23:10:42,120
2026-09-01T23:15:42,119
2026-09-01T23:20:42,120
2026-09-01T23:25:42,116
2026-09-01T23:30:42,109
2026-09-01T23:35:42,111
2026-09-01T23:40:42,110
2026-09-01T23:45:42,108
2026-09-01T23:50:42,101
2026-09-01T23:55:42,102
2026-09-02T00:00:42,111
2026-09-02T00:05:42,115
2026-09-02T00:10:42,119
2026-09-02T00:15:42,122
2026-09-02T00:20:42,116
2026-09-02T00:25:42,116
2026-09-02T00:30:42,118
2026-09-02T00:35:42,113
2026-09-02T00:40:42,101
2026-09-02T00:45:42,102
2026-09-02T00:50:41,104
2026-09-02T00:55:41,106
2026-09-02T01:00:42,105
2026-09-02T01:05:44,106
2026-09-02T01:10:42,107
2026-09-02T01:15:42,106
2026-09-02T01:20:42,105
2026-09-02T01:25:42,105
2026-09-02T01:30:42,106
2026-09-02T01:35:42,106
2026-09-02T01:40:42,101
2026-09-02T01:45:42,94
2026-09-02T01:50:42,99
2026-09-02T01:55:42,93
2026-09-02T02:00:42,93
2026-09-02T02:05:42,95
2026-09-02T02:10:42,109
2026-09-02T02:15:42,109
2026-09-02T02:20:42,107
2026-09-02T02:25:42,111
2026-09-02T02:30:42,109
2026-09-02T02:35:43,110
2026-09-02T02:40:42,113
2026-09-02T02:45:42,116
2026-09-02T02:50:42,118
2026-09-02T02:55:42,115
2026-09-02T03:00:42,113
2026-09-02T03:05:42,107
2026-09-02T03:10:45,97
2026-09-02T03:15:42,101
2026-09-02T03:20:42,99
2026-09-02T03:25:42,98
2026-09-02T03:30:42,102
2026-09-02T03:35:42,102
2026-09-02T03:40:42,106
2026-09-02T03:45:42,121
2026-09-02T03:50:42,117
2026-09-02T03:55:42,112
2026-09-02T04:00:43,110
2026-09-02T04:05:42,112
2026-09-02T04:10:42,112
2026-09-02T04:15:42,111
2026-09-02T04:20:42,111
2026-09-02T04:25:42,112
2026-09-02T04:30:42,107
2026-09-02T04:35:42,110
2026-09-02T04:40:43,110
2026-09-02T04:45:42,116
2026-09-02T04:50:42,123
2026-09-02T04:55:43,123
2026-09-02T05:00:43,121
2026-09-02T05:05:42,122
2026-09-02T05:10:45,125
2026-09-02T05:15:43,114
2026-09-02T05:20:42,126
2026-09-02T05:25:42,131
2026-09-02T05:30:42,129
2026-09-02T05:35:42,122
2026-09-02T05:40:42,126
2026-09-02T05:45:42,129
2026-09-02T05:50:42,133
2026-09-02T05:55:42,127
2026-09-02T06:00:42,131
2026-09-02T06:05:43,132
2026-09-02T06:10:42,131
2026-09-02T06:15:42,133
2026-09-02T06:20:42,138
2026-09-02T06:25:42,142
2026-09-02T06:30:42,141
2026-09-02T06:35:43,141
2026-09-02T06:40:42,144
2026-09-02T06:45:42,147
2026-09-02T06:50:42,149
2026-09-02T06:55:42,151
2026-09-02T07:00:42,150
2026-09-02T07:05:43,147
2026-09-02T07:10:51,151
2026-09-02T07:15:42,144
2026-09-02T07:20:42,144
2026-09-02T07:25:42,150
2026-09-02T07:30:42,149
2026-09-02T07:35:42,146
2026-09-02T07:40:42,142
2026-09-02T07:45:43,138
2026-09-02T07:50:42,135
2026-09-02T07:55:42,131
2026-09-02T08:00:43,118
2026-09-02T08:05:42,106
2026-09-02T08:10:42,98
2026-09-02T08:15:42,94
2026-09-02T08:20:43,88
2026-09-02T08:25:42,83
2026-09-02T08:30:42,76
2026-09-02T08:35:42,73
2026-09-02T08:40:42,73
2026-09-02T08:45:42,77
2026-09-02T08:50:42,73
2026-09-02T08:55:42,73
2026-09-02T09:00:42,71
2026-09-02T09:05:42,72
2026-09-02T09:10:45,76
2026-09-02T09:15:43,79
2026-09-02T09:20:42,82
2026-09-02T09:25:43,87
2026-09-02T09:30:43,87
2026-09-02T09:35:42,92
2026-09-02T09:40:42,98
2026-09-02T09:45:42,99
2026-09-02T09:50:43,99
2026-09-02T09:55:42,106
2026-09-02T10:00:43,108
2026-09-02T10:05:43,111
2026-09-02T10:10:42,116
2026-09-02T10:15:42,123
2026-09-02T10:20:42,127
2026-09-02T10:25:42,129
2026-09-02T10:30:43,130
2026-09-02T10:35:43,141
2026-09-02T10:40:43,151
2026-09-02T10:45:43,164
2026-09-02T10:50:42,176
2026-09-02T10:55:42,174
2026-09-02T11:00:42,168
2026-09-02T11:05:43,173
2026-09-02T11:10:47,168
2026-09-02T11:15:43,162
2026-09-02T11:20:42,172
2026-09-02T11:25:42,175
2026-09-02T11:30:43,183
2026-09-02T11:35:42,189
2026-09-02T11:40:43,188
2026-09-02T11:45:42,184
2026-09-02T11:50:42,178
2026-09-02T11:55:42,184
2026-09-02T12:00:43,178
2026-09-02T12:05:42,173
2026-09-02T12:10:42,182
2026-09-02T12:15:43,178
2026-09-02T12:20:43,175
2026-09-02T12:25:43,172
2026-09-02T12:30:42,163
2026-09-02T12:35:42,169
2026-09-02T12:40:43,170
2026-09-02T12:45:42,166
2026-09-02T12:50:43,161
2026-09-02T12:55:43,157
2026-09-02T13:00:43,154
2026-09-02T13:05:42,145
2026-09-02T13:10:45,140
2026-09-02T13:15:42,133
2026-09-02T13:20:42,130
2026-09-02T13:25:42,126
2026-09-02T13:30:42,128
2026-09-02T13:35:43,127
2026-09-02T13:40:43,127
2026-09-02T13:45:42,125
2026-09-02T13:50:42,117
2026-09-02T13:55:42,109
2026-09-02T14:00:43,108
2026-09-02T14:05:42,105
2026-09-02T14:10:43,106
2026-09-02T14:15:43,110
2026-09-02T14:20:43,110
2026-09-02T14:25:43,110
2026-09-02T14:30:43,113
2026-09-02T14:35:43,115
2026-09-02T14:40:42,117
2026-09-02T14:45:42,118
2026-09-02T14:50:43,115
2026-09-02T14:55:42,118
2026-09-02T15:00:43,117
2026-09-02T15:05:43,119
2026-09-02T15:10:42,119
2026-09-02T15:15:46,116
2026-09-02T15:20:42,112
2026-09-02T15:25:42,107
2026-09-02T15:30:42,108
2026-09-02T15:35:42,110
2026-09-02T15:40:43,110
2026-09-02T15:45:42,109
2026-09-02T15:50:42,109
2026-09-02T15:55:43,111
2026-09-02T16:00:42,110
2026-09-02T16:05:42,109
2026-09-02T16:10:42,104
2026-09-02T16:15:42,105
2026-09-02T16:20:43,108
2026-09-02T16:25:43,105
2026-09-02T16:30:43,102
2026-09-02T16:35:42,98
2026-09-02T16:40:43,89
2026-09-02T16:45:44,85
2026-09-02T16:50:43,80
2026-09-02T16:55:43,78
2026-09-02T16:58:00,
2026-09-02T17:00:42,77
2026-09-02T17:05:42,74
2026-09-02T17:10:42,79
2026-09-02T17:15:45,93
2026-09-02T17:20:43,96
2026-09-02T17:25:43,93
2026-09-02T17:30:42,90
2026-09-02T17:35:43,92
2026-09-02T17:40:42,91
2026-09-02T17:45:42,94
2026-09-02T17:50:43,91
2026-09-02T17:55:43,87
2026-09-02T18:00:43,89
2026-09-02T18:05:43,86
2026-09-02T18:10:42,83
2026-09-02T18:15:43,86
2026-09-02T18:20:43,97
2026-09-02T18:25:42,105
2026-09-02T18:30:43,113
2026-09-02T18:35:43,121
2026-09-02T18:40:42,127
2026-09-02T18:45:43,129
2026-09-02T18:50:43,126
2026-09-02T18:55:43,125
2026-09-02T19:00:43,118
2026-09-02T19:05:43,116
2026-09-02T19:10:42,117
2026-09-02T19:15:43,116
2026-09-02T19:20:46,102
2026-09-02T19:25:42,100
2026-09-02T19:30:42,105
2026-09-02T19:35:43,107
2026-09-02T19:40:42,113
2026-09-02T19:45:43,115
2026-09-02T19:50:43,116
2026-09-02T19:55:43,117
2026-09-02T20:00:42,119
2026-09-02T20:05:43,119
2026-09-02T20:10:43,119
2026-09-02T20:15:43,122
2026-09-02T20:20:43,119
2026-09-02T20:25:43,106
2026-09-02T20:30:43,111
2026-09-02T20:35:43,116
2026-09-02T20:40:43,108
2026-09-02T20:45:42,99
2026-09-02T20:50:43,101
2026-09-02T20:55:43,100
2026-09-02T21:00:42,97
2026-09-02T21:05:43,96
2026-09-02T21:10:43,98
2026-09-02T21:15:42,96
2026-09-02T21:20:46,101
2026-09-02T21:25:43,97
2026-09-02T21:30:43,86
2026-09-02T21:35:43,78
2026-09-02T21:40:42,74
2026-09-02T21:45:42,78
2026-09-02T21:55:43,113
2026-09-02T22:00:43,113
2026-09-02T22:05:43,111
2026-09-02T22:10:43,105
2026-09-02T22:15:43,97
2026-09-02T22:20:42,108
2026-09-02T22:25:43,112
2026-09-02T22:30:43,113
2026-09-02T22:35:43,113
2026-09-02T22:40:43,106
2026-09-02T22:45:42,99
2026-09-02T22:50:43,102
2026-09-02T22:55:43,102
2026-09-02T23:00:42,101
2026-09-02T23:05:43,102
2026-09-02T23:10:42,101
2026-09-02T23:15:42,93
2026-09-02T23:20:45,110
2026-09-02T23:25:42,115
2026-09-02T23:30:43,99
2026-09-02T23:35:43,82
2026-09-02T23:40:43,86
2026-09-02T23:45:43,91
2026-09-02T23:50:43,89
2026-09-02T23:55:43,87
2026-09-03T00:00:43,88
2026-09-03T00:05:42,92
2026-09-03T00:10:43,98
2026-09-03T00:15:43,100
2026-09-03T00:20:43,96
2026-09-03T00:25:43,94
2026-09-03T00:35:43,90
2026-09-03T00:40:43,97
2026-09-03T00:45:43,94
2026-09-03T00:50:43,94
2026-09-03T00:55:43,94
2026-09-03T01:00:43,95
2026-09-03T01:05:43,95
2026-09-03T01:10:43,93
2026-09-03T01:15:43,85
2026-09-03T01:20:43,103
2026-09-03T01:25:46,112
2026-09-03T01:30:43,122
2026-09-03T01:35:43,121
2026-09-03T01:40:43,96
2026-09-03T01:45:43,70
2026-09-03T01:55:42,104
2026-09-03T02:00:43,122
2026-09-03T02:05:43,114
2026-09-03T02:10:43,109
2026-09-03T02:20:43,79
2026-09-03T02:25:43,66
2026-09-03T02:35:43,119
2026-09-03T02:40:43,135
2026-09-03T02:45:43,128
2026-09-03T02:50:42,125
2026-09-03T02:55:43,126
2026-09-03T03:00:43,128
2026-09-03T03:05:43,129
2026-09-03T03:10:43,126
2026-09-03T03:15:43,127
2026-09-03T03:20:43,125
2026-09-03T03:25:43,124
2026-09-03T03:30:45,127
2026-09-03T03:35:43,119
2026-09-03T03:40:43,121
2026-09-03T03:45:43,126
2026-09-03T03:50:43,129
2026-09-03T03:55:43,119
2026-09-03T04:00:43,120
2026-09-03T04:05:43,123
2026-09-03T04:10:43,113
2026-09-03T04:15:43,110
2026-09-03T04:20:43,95
2026-09-03T04:25:43,90
2026-09-03T04:30:43,96
2026-09-03T04:35:43,93
2026-09-03T04:40:43,89
2026-09-03T04:45:43,90
2026-09-03T04:50:43,91
2026-09-03T05:00:43,119
2026-09-03T05:05:43,114
2026-09-03T05:10:43,109
2026-09-03T05:15:43,111
2026-09-03T05:20:43,124
2026-09-03T05:25:43,126
2026-09-03T05:30:43,125
2026-09-03T05:35:46,121
2026-09-03T05:40:43,109
2026-09-03T05:45:43,112
2026-09-03T05:50:43,116
2026-09-03T05:55:43,112
2026-09-03T06:00:43,114
2026-09-03T06:05:43,115
2026-09-03T06:10:43,114
2026-09-03T06:15:44,113
2026-09-03T06:20:43,107
2026-09-03T06:25:43,102
2026-09-03T06:30:43,100
2026-09-03T06:35:43,104
2026-09-03T06:40:43,118
2026-09-03T06:45:43,133
2026-09-03T06:50:43,150
2026-09-03T06:55:44,150
2026-09-03T07:00:43,148
2026-09-03T07:05:43,140
2026-09-03T07:10:43,132
2026-09-03T07:15:43,125
2026-09-03T07:20:43,117
2026-09-03T07:25:44,112
2026-09-03T07:30:43,119
2026-09-03T07:35:48,115
2026-09-03T07:40:43,111
2026-09-03T07:45:44,116
2026-09-03T07:50:43,112
2026-09-03T07:55:00,
2026-09-03T07:55:44,118
2026-09-03T08:00:44,119
2026-09-03T08:05:43,114
2026-09-03T08:10:43,111
2026-09-03T08:15:43,102
2026-09-03T08:20:43,89
2026-09-03T08:25:00,
2026-09-03T08:25:44,69
2026-09-03T08:30:43,60
2026-09-03T08:35:43,65
2026-09-03T08:40:43,71
2026-09-03T08:45:43,72
2026-09-03T08:50:43,67
2026-09-03T08:55:44,55
2026-09-03T09:00:43,50
2026-09-03T09:05:43,59
2026-09-03T09:10:44,80
2026-09-03T09:15:43,80
2026-09-03T09:20:43,71
2026-09-03T09:25:00,
2026-09-03T09:25:43,66
2026-09-03T09:30:43,60
2026-09-03T09:35:47,63
2026-09-03T09:40:43,71
2026-09-03T09:45:43,58
2026-09-03T09:48:16,79
2026-09-03T09:50:43,76
2026-09-03T09:50:52,81
2026-09-03T09:55:43,105
2026-09-03T10:00:43,96
2026-09-03T10:05:44,97
2026-09-03T10:10:43,101
2026-09-03T10:15:43,115
2026-09-03T10:20:43,105
2026-09-03T10:25:43,95
2026-09-03T10:30:43,108
2026-09-03T10:35:44,130
2026-09-03T10:40:44,148
2026-09-03T10:45:43,170
2026-09-03T10:50:43,183
2026-09-03T10:55:43,198
2026-09-03T11:00:42,209
2026-09-03T11:05:42,219
2026-09-03T11:10:42,227
2026-09-03T11:15:42,224
2026-09-03T11:20:42,224
2026-09-03T11:25:42,224
2026-09-03T11:30:42,215
2026-09-03T11:35:41,197
2026-09-03T11:40:48,169
2026-09-03T11:45:41,153
2026-09-03T11:50:41,143
2026-09-03T11:55:42,139
2026-09-03T12:00:41,143
2026-09-03T12:05:41,133
2026-09-03T12:10:42,133
2026-09-03T12:15:42,130
2026-09-03T12:20:41,126
2026-09-03T12:25:41,123
2026-09-03T12:30:42,124
2026-09-03T12:35:41,120
2026-09-03T12:40:42,113
2026-09-03T12:45:42,111
2026-09-03T12:50:42,108
2026-09-03T12:55:42,104
2026-09-03T13:00:42,96
2026-09-03T13:05:42,95
2026-09-03T13:10:41,91
2026-09-03T13:15:42,82
2026-09-03T13:20:42,82
2026-09-03T13:25:42,70
2026-09-03T13:30:42,67
2026-09-03T13:35:00,
2026-09-03T13:35:42,64
2026-09-03T13:40:53,66
2026-09-03T13:45:42,69
2026-09-03T13:50:41,65
2026-09-03T13:55:42,55
2026-09-03T13:56:43,
2026-09-03T14:00:41,54
2026-09-03T14:05:42,71
2026-09-03T14:10:42,88
2026-09-03T14:15:41,89
2026-09-03T14:20:42,84
2026-09-03T14:25:41,80
2026-09-03T14:30:00,
2026-09-03T14:30:42,78
2026-09-03T14:35:42,81
2026-09-03T14:40:42,85
2026-09-03T14:45:42,79
2026-09-03T14:50:42,90
2026-09-03T14:55:42,95
2026-09-03T15:00:42,100
2026-09-03T15:05:42,105
2026-09-03T15:10:41,108
2026-09-03T15:15:42,106
2026-09-03T15:20:42,104
2026-09-03T15:25:42,97
2026-09-03T15:30:42,97
2026-09-03T15:35:42,100
2026-09-03T15:40:52,105
2026-09-03T15:45:42,110
2026-09-03T15:50:41,116
2026-09-03T15:55:41,117
2026-09-03T16:00:42,121
2026-09-03T16:05:42,130
2026-09-03T16:10:42,129
2026-09-03T16:15:42,130
2026-09-03T16:20:42,132
2026-09-03T16:25:42,132
2026-09-03T16:30:42,132
2026-09-03T16:35:42,135
2026-09-03T16:40:42,138
2026-09-03T16:45:42,133
2026-09-03T16:50:42,133
2026-09-03T16:55:42,135
2026-09-03T17:00:42,131
2026-09-03T17:05:42,129
2026-09-03T17:10:42,131
2026-09-03T17:15:42,132
2026-09-03T17:20:41,128
2026-09-03T17:25:42,132
2026-09-03T17:30:42,137
2026-09-03T17:35:41,142
2026-09-03T17:40:45,139
2026-09-03T17:45:42,138
2026-09-03T17:50:42,132
2026-09-03T17:55:41,118
2026-09-03T18:00:42,120
2026-09-03T18:05:42,119
2026-09-03T18:10:41,113
2026-09-03T18:15:42,103
2026-09-03T18:20:42,95
2026-09-03T18:25:41,87
2026-09-03T18:30:42,77
2026-09-03T18:35:42,73
2026-09-03T18:40:41,78
2026-09-03T18:45:42,87
2026-09-03T18:50:42,101
2026-09-03T18:55:41,110
2026-09-03T19:00:41,112
2026-09-03T19:05:42,120
2026-09-03T19:10:42,121
2026-09-03T19:15:42,127
2026-09-03T19:20:42,125
2026-09-03T19:25:42,125
2026-09-03T19:30:42,122
2026-09-03T19:35:42,117
2026-09-03T19:40:42,121
2026-09-03T19:45:46,121
2026-09-03T19:50:42,118
2026-09-03T19:55:42,117
2026-09-03T20:00:42,109
2026-09-03T20:05:42,112
2026-09-03T20:10:41,109
2026-09-03T20:15:42,112
2026-09-03T20:20:42,117
2026-09-03T20:25:41,120
2026-09-03T20:30:42,107
2026-09-03T20:35:42,110
2026-09-03T20:40:42,112
2026-09-03T20:45:42,119
2026-09-03T20:50:42,121
2026-09-03T20:55:42,118
2026-09-03T21:00:42,119
2026-09-03T21:05:42,122
2026-09-03T21:10:42,120
2026-09-03T21:15:42,123
2026-09-03T21:20:42,112
2026-09-03T21:25:42,114
2026-09-03T21:30:42,137
2026-09-03T21:35:42,138
2026-09-03T21:40:42,130
2026-09-03T21:45:42,129
2026-09-03T21:50:45,137
2026-09-03T21:55:42,122
2026-09-03T22:00:41,119
2026-09-03T22:05:42,129
2026-09-03T22:10:42,126
2026-09-03T22:15:42,125
2026-09-03T22:20:42,125
2026-09-03T22:25:42,125
2026-09-03T22:30:42,125
2026-09-03T22:35:42,127
2026-09-03T22:40:41,120
2026-09-03T22:45:41,119
2026-09-03T22:50:42,128
2026-09-03T22:55:41,122
2026-09-03T23:00:42,125
2026-09-03T23:05:42,128
2026-09-03T23:10:42,127
2026-09-03T23:15:42,125
2026-09-03T23:20:42,120
2026-09-03T23:25:42,127
2026-09-03T23:30:42,128
2026-09-03T23:35:42,130
2026-09-03T23:40:42,130
2026-09-03T23:45:42,125
2026-09-03T23:50:44,121
2026-09-03T23:55:42,131
2026-09-04T00:00:42,134
2026-09-04T00:05:42,134
2026-09-04T00:10:42,136
2026-09-04T00:15:42,138
2026-09-04T00:20:42,132
2026-09-04T00:25:42,136
2026-09-04T00:30:42,142
2026-09-04T00:35:42,147
2026-09-04T00:40:42,145
2026-09-04T00:45:42,142
2026-09-04T00:50:42,138
2026-09-04T00:55:42,143
2026-09-04T01:00:42,143
2026-09-04T01:05:42,136
2026-09-04T01:10:42,134
2026-09-04T01:15:42,140
2026-09-04T01:20:42,140
2026-09-04T01:25:42,132
2026-09-04T01:30:42,113
2026-09-04T01:35:42,118
2026-09-04T01:40:42,124
2026-09-04T01:45:42,117
2026-09-04T01:50:42,120
2026-09-04T01:55:45,123
2026-09-04T02:00:42,125
2026-09-04T02:05:42,127
2026-09-04T02:20:42,125
2026-09-04T02:25:42,131
2026-09-04T02:30:42,130
2026-09-04T02:35:42,130
2026-09-04T02:40:42,130
2026-09-04T02:45:42,135
2026-09-04T02:50:42,136
2026-09-04T02:55:42,132
2026-09-04T03:00:42,130
2026-09-04T03:05:42,129
2026-09-04T03:10:42,129
2026-09-04T03:15:42,128
2026-09-04T03:20:42,127
2026-09-04T03:25:42,120
2026-09-04T03:30:42,125
2026-09-04T03:35:42,133
2026-09-04T03:40:42,131
2026-09-04T03:45:42,130
2026-09-04T03:50:42,129
2026-09-04T03:55:45,128
2026-09-04T04:00:42,119
2026-09-04T04:05:42,107
2026-09-04T04:10:42,110
2026-09-04T04:15:42,105
2026-09-04T04:20:42,106
2026-09-04T04:25:43,116
2026-09-04T04:30:42,110
2026-09-04T04:35:42,105
2026-09-04T04:40:42,85
2026-09-04T04:55:42,110
2026-09-04T05:00:42,110
2026-09-04T05:05:42,97
2026-09-04T05:10:42,99
2026-09-04T05:15:42,117
2026-09-04T05:20:42,119
2026-09-04T05:25:43,116
2026-09-04T05:30:42,117
2026-09-04T05:35:42,115
2026-09-04T05:40:42,118
2026-09-04T05:45:42,115
2026-09-04T05:50:42,126
2026-09-04T05:55:42,125
2026-09-04T06:00:51,118
2026-09-04T06:05:42,116
2026-09-04T06:10:42,122
2026-09-04T06:15:42,117
2026-09-04T06:20:42,118
2026-09-04T06:25:42,114
2026-09-04T06:30:43,109
2026-09-04T06:35:42,104
2026-09-04T06:40:42,117
2026-09-04T06:45:43,140
2026-09-04T06:50:42,143
2026-09-04T06:55:42,157
2026-09-04T07:00:42,151
2026-09-04T07:05:42,135
2026-09-04T07:10:42,126
2026-09-04T07:15:42,105
2026-09-04T07:20:43,98
2026-09-04T07:25:43,91
2026-09-04T07:30:42,78
2026-09-04T07:33:29,
2026-09-04T07:35:43,72
2026-09-04T07:40:42,73
2026-09-04T07:45:42,75
2026-09-04T07:50:42,78
2026-09-04T07:55:42,80
2026-09-04T08:00:52,73
2026-09-04T08:05:42,86
2026-09-04T08:10:42,80
2026-09-04T08:15:42,66
2026-09-04T08:20:42,59
2026-09-04T08:25:43,79
2026-09-04T08:30:43,105
2026-09-04T08:35:43,112
2026-09-04T08:40:42,102
2026-09-04T08:45:43,93
2026-09-04T08:50:43,76
2026-09-04T08:55:42,73
2026-09-04T09:00:42,80
2026-09-04T09:05:42,95
2026-09-04T09:10:43,109
2026-09-04T09:15:42,110
2026-09-04T09:20:43,104
2026-09-04T09:25:42,97
2026-09-04T09:30:42,87
2026-09-04T09:35:42,88
2026-09-04T09:40:42,92
2026-09-04T09:45:42,101
2026-09-04T09:50:42,105
2026-09-04T09:55:42,112
2026-09-04T10:00:50,115
2026-09-04T10:05:42,119
2026-09-04T10:10:43,122
2026-09-04T10:15:43,140
2026-09-04T10:20:42,143
2026-09-04T10:25:42,149
2026-09-04T10:30:42,156
2026-09-04T10:35:42,157
2026-09-04T10:40:42,162
2026-09-04T10:45:42,184
2026-09-04T10:50:43,185
2026-09-04T10:55:42,181
2026-09-04T11:00:42,167
2026-09-04T11:05:43,161
2026-09-04T11:10:42,176
2026-09-04T11:15:43,175
2026-09-04T11:20:43,178
2026-09-04T11:25:43,184
2026-09-04T11:30:42,186
2026-09-04T11:35:42,197
2026-09-04T11:40:43,201
2026-09-04T11:45:43,199
2026-09-04T11:50:42,199
2026-09-04T11:55:42,204
2026-09-04T12:00:50,198
2026-09-04T12:05:43,193
2026-09-04T12:10:43,183
2026-09-04T12:15:42,180
2026-09-04T12:20:43,172
2026-09-04T12:25:42,150
2026-09-04T12:30:42,142
2026-09-04T12:35:42,144
2026-09-04T12:40:43,139
2026-09-04T12:45:43,131
2026-09-04T12:50:42,125
2026-09-04T12:55:42,129
2026-09-04T13:00:42,131
2026-09-04T13:05:43,132
2026-09-04T13:10:42,120
2026-09-04T13:15:43,114
2026-09-04T13:20:42,108
2026-09-04T13:25:43,110
2026-09-04T13:30:42,106
2026-09-04T13:35:43,93
2026-09-04T13:40:42,99
2026-09-04T13:45:42,106
2026-09-04T13:50:43,113
2026-09-04T13:55:43,119
2026-09-04T14:00:43,116
2026-09-04T14:05:45,124
2026-09-04T14:10:43,126
2026-09-04T14:15:42,139
2026-09-04T14:20:42,142
2026-09-04T14:25:43,147
2026-09-04T14:30:43,143
2026-09-04T14:35:43,145
2026-09-04T14:40:42,139
2026-09-04T14:45:43,139
2026-09-04T14:50:43,140
2026-09-04T14:55:43,137
2026-09-04T15:00:43,136
2026-09-04T15:05:42,130
2026-09-04T15:10:43,128
2026-09-04T15:15:43,121
2026-09-04T15:20:42,123
2026-09-04T15:25:43,125
2026-09-04T15:30:42,124
2026-09-04T15:35:43,122
2026-09-04T15:40:43,122
2026-09-04T15:45:42,124
2026-09-04T15:50:42,129
2026-09-04T15:55:42,125
2026-09-04T16:00:43,124
2026-09-04T16:05:49,127
2026-09-04T16:10:42,128
2026-09-04T16:15:42,125
2026-09-04T16:20:43,130
2026-09-04T16:25:43,122
2026-09-04T16:30:42,123
2026-09-04T16:35:42,126
2026-09-04T16:40:43,124
2026-09-04T16:45:43,129
2026-09-04T16:50:42,124
2026-09-04T16:55:43,122
2026-09-04T17:00:42,124
2026-09-04T17:05:42,122
2026-09-04T17:10:43,108
2026-09-04T17:15:43,112
2026-09-04T17:20:43,122
2026-09-04T17:25:42,115
2026-09-04T17:30:43,115
2026-09-04T17:35:43,112
2026-09-04T17:40:42,114
2026-09-04T17:45:42,114
2026-09-04T17:50:42,109
2026-09-04T17:55:43,107
2026-09-04T18:00:42,100
2026-09-04T18:05:48,97
2026-09-04T18:10:42,99
2026-09-04T18:15:42,100
2026-09-04T18:20:43,102
2026-09-04T18:25:42,101
2026-09-04T18:30:43,104
2026-09-04T18:35:43,106
2026-09-04T18:40:43,123
2026-09-04T18:45:42,125
2026-09-04T18:50:43,123
2026-09-04T18:55:43,126
2026-09-04T19:00:43,128
2026-09-04T19:05:43,132
2026-09-04T19:10:42,132
2026-09-04T19:15:42,130
2026-09-04T19:20:42,116
2026-09-04T19:25:42,120
2026-09-04T19:30:42,119
2026-09-04T19:35:43,122
2026-09-04T19:40:42,124
2026-09-04T19:45:43,124
2026-09-04T19:50:42,118
2026-09-04T19:55:43,125
2026-09-04T20:00:43,124
2026-09-04T20:05:43,134
2026-09-04T20:10:45,137
2026-09-04T20:15:43,136
2026-09-04T20:20:42,139
2026-09-04T20:25:42,146
2026-09-04T20:30:43,149
2026-09-04T20:35:43,151
2026-09-04T20:40:43,150
2026-09-04T20:45:43,155
2026-09-04T20:50:42,149
2026-09-04T20:55:42,147
2026-09-04T21:00:43,151
2026-09-04T21:05:43,150
2026-09-04T21:10:43,151
2026-09-04T21:15:43,142
2026-09-04T21:20:42,154
2026-09-04T21:25:43,155
2026-09-04T21:30:43,151
2026-09-04T21:35:43,148
2026-09-04T21:40:42,152
2026-09-04T21:45:43,155
2026-09-04T21:50:43,154
2026-09-04T21:55:43,155
2026-09-04T22:00:42,155
2026-09-04T22:05:43,152
2026-09-04T22:10:45,152
2026-09-04T22:15:43,154
2026-09-04T22:20:42,152
2026-09-04T22:25:43,153
2026-09-04T22:30:43,153
2026-09-04T22:35:43,152
2026-09-04T22:40:42,141
2026-09-04T22:45:43,125
2026-09-04T22:50:43,132
2026-09-04T22:55:43,144
2026-09-04T23:00:43,156
2026-09-04T23:05:42,151
2026-09-04T23:10:43,149
2026-09-04T23:15:43,134
2026-09-04T23:20:43,131
2026-09-04T23:25:43,139
2026-09-04T23:30:42,151
2026-09-04T23:35:43,152
2026-09-04T23:40:42,148
2026-09-04T23:45:43,148
2026-09-04T23:50:42,147
2026-09-04T23:55:43,147
2026-09-05T00:00:42,146
2026-09-05T00:05:42,147
2026-09-05T00:10:43,148
2026-09-05T00:15:46,153
2026-09-05T00:20:43,152
2026-09-05T00:25:42,151
2026-09-05T00:30:43,137
2026-09-05T00:35:43,147
2026-09-05T00:40:43,154
2026-09-05T00:45:42,161
2026-09-05T00:50:43,158
2026-09-05T00:55:43,148
2026-09-05T01:00:42,140
2026-09-05T01:05:43,122
2026-09-05T01:10:42,133
2026-09-05T01:15:43,134
2026-09-05T01:20:43,137
2026-09-05T01:25:43,133
2026-09-05T01:30:43,131
2026-09-05T01:35:43,117
2026-09-05T01:40:43,110
2026-09-05T01:45:43,113
2026-09-05T01:50:43,107
2026-09-05T02:00:43,70
2026-09-05T02:10:43,116
2026-09-05T02:15:43,134
2026-09-05T02:20:46,126
2026-09-05T02:25:42,120
2026-09-05T02:30:43,108
2026-09-05T02:35:43,105
2026-09-05T02:40:43,111
2026-09-05T02:45:43,110
2026-09-05T02:50:43,108
2026-09-05T02:55:42,107
2026-09-05T03:00:43,105
2026-09-05T03:05:42,104
2026-09-05T03:10:43,103
2026-09-05T03:15:43,102
2026-09-05T03:20:43,101
2026-09-05T03:25:43,100
2026-09-05T03:30:43,96
2026-09-05T03:35:42,82
2026-09-05T03:40:43,87
2026-09-05T03:55:43,94
2026-09-05T04:00:43,101
2026-09-05T04:05:42,106
2026-09-05T04:10:43,102
2026-09-05T04:15:43,101
2026-09-05T04:20:45,100
2026-09-05T04:25:43,97
2026-09-05T04:30:43,102
2026-09-05T04:35:43,102
2026-09-05T04:40:43,93
2026-09-05T04:45:43,100
2026-09-05T04:50:43,105
2026-09-05T04:55:42,104
2026-09-05T05:00:43,114
2026-09-05T05:10:43,84
2026-09-05T05:15:43,99
2026-09-05T05:20:43,122
2026-09-05T05:25:43,122
2026-09-05T05:30:42,118
2026-09-05T05:35:42,117
2026-09-05T05:40:43,112
2026-09-05T05:45:43,115
2026-09-05T05:50:43,124
2026-09-05T05:55:43,123
2026-09-05T06:00:43,131
2026-09-05T06:05:43,132
2026-09-05T06:10:43,130
2026-09-05T06:15:43,135
2026-09-05T06:20:50,137
2026-09-05T06:25:43,138
2026-09-05T06:30:43,141
2026-09-05T06:35:43,142
2026-09-05T06:40:43,149
2026-09-05T06:45:43,150
2026-09-05T06:50:43,148
2026-09-05T06:55:43,145
2026-09-05T07:00:43,144
2026-09-05T07:05:43,146
2026-09-05T07:10:43,143
2026-09-05T07:15:43,137
2026-09-05T07:20:44,131
2026-09-05T07:25:44,127
2026-09-05T07:30:43,123
2026-09-05T07:35:43,116
2026-09-05T07:40:43,118
2026-09-05T07:45:43,123
2026-09-05T07:50:43,135
2026-09-05T07:55:43,137
2026-09-05T08:00:43,137
2026-09-05T08:05:44,131
2026-09-05T08:10:43,142
2026-09-05T08:15:43,142
2026-09-05T08:20:49,133
2026-09-05T08:25:53,130
2026-09-05T08:30:43,140
2026-09-05T08:35:43,142
2026-09-05T08:40:43,133
2026-09-05T08:45:43,126
2026-09-05T08:50:43,125
2026-09-05T08:55:43,122
2026-09-05T09:00:43,123
2026-09-05T09:05:43,123
2026-09-05T09:10:43,109
2026-09-05T09:15:43,92
2026-09-05T09:20:43,90
2026-09-05T09:25:43,84
2026-09-05T09:30:43,77
2026-09-05T09:35:43,76
2026-09-05T09:40:43,78
2026-09-05T09:45:43,78
2026-09-05T09:50:43,75
2026-09-05T09:55:43,70
2026-09-05T10:00:43,72
2026-09-05T10:05:44,82
2026-09-05T10:10:43,91
2026-09-05T10:15:43,96
2026-09-05T10:20:43,99
2026-09-05T10:25:44,97
2026-09-05T10:30:47,93
2026-09-05T10:35:43,94
2026-09-05T10:40:43,100
2026-09-05T10:45:43,102
2026-09-05T10:50:43,98
2026-09-05T10:55:43,97
2026-09-05T11:00:43,98
2026-09-05T11:05:43,105
2026-09-05T11:10:43,112
2026-09-05T11:15:43,122
2026-09-05T11:20:43,125
2026-09-05T11:25:44,128
2026-09-05T11:30:44,134
2026-09-05T11:35:43,142
2026-09-05T11:40:43,141
2026-09-05T11:45:43,141
2026-09-05T11:50:43,146
2026-09-05T11:55:43,134
2026-09-05T12:00:43,124
2026-09-05T12:05:43,115
2026-09-05T12:10:44,109
2026-09-05T12:15:43,106
2026-09-05T12:20:43,110
2026-09-05T12:25:43,122
2026-09-05T12:30:50,133
2026-09-05T12:35:44,143
2026-09-05T12:40:43,153
2026-09-05T12:45:43,155
2026-09-05T12:50:43,154
2026-09-05T12:55:43,154
2026-09-05T13:00:43,150
2026-09-05T13:05:43,147
2026-09-05T13:10:43,131
2026-09-05T13:15:44,117
2026-09-05T13:20:43,111
2026-09-05T13:25:44,101
2026-09-05T13:30:44,85
2026-09-05T13:35:43,78
2026-09-05T13:40:43,76
2026-09-05T13:45:44,84
2026-09-05T13:50:44,89
2026-09-05T13:55:44,87
2026-09-05T14:00:43,86
2026-09-05T14:05:43,91
2026-09-05T14:10:43,89
2026-09-05T14:15:43,92
2026-09-05T14:20:43,92
2026-09-05T14:25:43,88
2026-09-05T14:30:44,76
2026-09-05T14:35:46,63
2026-09-05T14:36:30,
2026-09-05T14:40:43,51
2026-09-05T14:45:43,48
2026-09-05T14:50:43,49
2026-09-05T14:55:43,54
2026-09-05T15:00:43,53
2026-09-05T15:05:43,51
2026-09-05T15:10:43,54
2026-09-05T15:15:43,62
2026-09-05T15:20:43,62
2026-09-05T15:25:43,66
2026-09-05T15:30:44,70
2026-09-05T15:35:44,72
2026-09-05T15:40:44,69
2026-09-05T15:45:43,63
2026-09-05T15:50:00,
2026-09-05T15:50:44,60
2026-09-05T15:55:44,57
2026-09-05T16:00:44,70
2026-09-05T16:05:44,65
2026-09-05T16:10:43,71
2026-09-05T16:15:43,75
2026-09-05T16:20:44,75
2026-09-05T16:25:44,70
2026-09-05T16:30:44,69
2026-09-05T16:35:43,81
2026-09-05T16:40:47,89
2026-09-05T16:45:43,102
2026-09-05T16:50:44,110
2026-09-05T16:55:44,115
2026-09-05T17:00:44,116
2026-09-05T17:05:44,121
2026-09-05T17:10:43,120
2026-09-05T17:15:43,124
2026-09-05T17:20:43,131
2026-09-05T17:25:43,137
2026-09-05T17:30:43,141
2026-09-05T17:35:44,142
2026-09-05T17:40:44,140
2026-09-05T17:45:44,138
2026-09-05T17:50:44,137
2026-09-05T17:55:43,139
2026-09-05T18:00:44,138
2026-09-05T18:05:44,133
2026-09-05T18:10:43,139
2026-09-05T18:15:44,140
2026-09-05T18:20:43,138
2026-09-05T18:25:43,147
2026-09-05T18:30:44,147
2026-09-05T18:35:44,150
2026-09-05T18:40:45,140
2026-09-05T18:45:44,141
2026-09-05T18:50:43,131
2026-09-05T18:55:44,120
2026-09-05T19:00:44,109
2026-09-05T19:05:43,104
2026-09-05T19:10:43,91
2026-09-05T19:15:43,72
2026-09-05T19:20:44,71
2026-09-05T19:25:44,67
2026-09-05T19:30:44,70
2026-09-05T19:35:43,75
2026-09-05T19:40:43,79
2026-09-05T19:45:44,76
2026-09-05T19:47:39,82
2026-09-05T19:52:37,87
2026-09-05T19:57:37,94
2026-09-05T20:02:37,99
2026-09-05T20:07:37,109
2026-09-05T20:12:37,129
2026-09-05T20:17:37,130
2026-09-05T20:22:37,143
2026-09-05T20:27:37,142
2026-09-05T20:32:37,138
2026-09-05T20:37:37,141
2026-09-05T20:42:37,156
2026-09-05T20:47:37,157
2026-09-05T20:52:37,163
2026-09-05T20:57:35,151
2026-09-05T21:02:35,160
2026-09-05T21:07:36,170
2026-09-05T21:12:36,154
2026-09-05T21:17:35,149
2026-09-05T21:22:36,158
2026-09-05T21:27:36,165
2026-09-05T21:32:36,151
2026-09-05T21:37:36,147
2026-09-05T21:42:36,141
2026-09-05T21:47:36,124
2026-09-05T21:52:39,120
2026-09-05T21:57:36,131
2026-09-05T22:02:36,134
2026-09-05T22:07:36,142
2026-09-05T22:12:36,140
2026-09-05T22:17:35,144
2026-09-05T22:22:35,135
2026-09-05T22:27:36,147
2026-09-05T22:32:36,148
2026-09-05T22:37:36,144
2026-09-05T22:42:36,148
2026-09-05T22:47:36,137
2026-09-05T22:52:36,131
2026-09-05T22:57:36,121
2026-09-05T23:02:36,133
2026-09-05T23:07:35,146
2026-09-05T23:12:36,140
2026-09-05T23:17:35,137
2026-09-05T23:22:36,136
2026-09-05T23:27:36,131
2026-09-05T23:32:36,118
2026-09-05T23:37:36,132
2026-09-05T23:42:35,148
2026-09-05T23:47:36,147
2026-09-05T23:52:36,139
2026-09-05T23:57:39,133
2026-09-06T00:02:36,131
2026-09-06T00:07:36,120
2026-09-06T00:12:36,107
2026-09-06T00:17:36,125
2026-09-06T00:22:36,131
2026-09-06T00:27:36,121
2026-09-06T00:32:35,122
2026-09-06T00:37:36,120
2026-09-06T00:42:36,117
2026-09-06T00:47:36,118
2026-09-06T00:52:36,115
2026-09-06T00:57:36,106
2026-09-06T01:02:36,116
2026-09-06T01:07:36,117
2026-09-06T01:12:36,113
2026-09-06T01:17:36,111
2026-09-06T01:22:36,98
2026-09-06T01:27:36,81
2026-09-06T01:32:36,95
2026-09-06T01:37:36,113
2026-09-06T01:42:36,116
2026-09-06T01:47:36,129
2026-09-06T01:52:36,130
2026-09-06T01:57:38,124
2026-09-06T02:02:36,108
2026-09-06T02:07:36,105
2026-09-06T02:12:37,119
2026-09-06T02:17:36,117
2026-09-06T02:22:36,114
2026-09-06T02:27:37,113
2026-09-06T02:32:37,112
2026-09-06T02:37:36,109
2026-09-06T02:42:37,100
2026-09-06T02:47:36,105
2026-09-06T02:52:36,110
2026-09-06T02:57:36,116
2026-09-06T03:02:36,125
2026-09-06T03:07:37,121
2026-09-06T03:12:36,124
2026-09-06T03:17:37,119
2026-09-06T03:22:36,114
2026-09-06T03:27:36,109
2026-09-06T03:32:36,119
2026-09-06T03:37:37,133
2026-09-06T03:42:37,136
2026-09-06T03:47:37,131
2026-09-06T03:52:36,141
2026-09-06T03:57:36,155
2026-09-06T04:02:39,148
2026-09-06T04:07:36,142
2026-09-06T04:12:37,138
2026-09-06T04:17:37,114
2026-09-06T04:22:37,103
2026-09-06T04:27:36,110
2026-09-06T04:32:36,116
2026-09-06T04:37:37,129
2026-09-06T04:42:36,122
2026-09-06T04:47:37,120
2026-09-06T04:52:36,128
2026-09-06T04:57:37,130
2026-09-06T05:02:37,129
2026-09-06T05:07:36,129
2026-09-06T05:12:37,128
2026-09-06T05:17:37,129
2026-09-06T05:22:36,129
2026-09-06T05:27:37,115
2026-09-06T05:32:36,118
2026-09-06T05:37:36,122
2026-09-06T05:42:37,122
2026-09-06T05:47:37,120
2026-09-06T05:52:37,121
2026-09-06T05:57:37,112
2026-09-06T06:02:37,106
2026-09-06T06:07:39,107
2026-09-06T06:12:36,107
2026-09-06T06:17:36,114
2026-09-06T06:22:36,103
2026-09-06T06:27:37,86
2026-09-06T06:32:36,99
2026-09-06T06:37:36,125
2026-09-06T06:42:37,123
2026-09-06T06:47:37,118
2026-09-06T06:52:37,119
2026-09-06T06:57:37,113
2026-09-06T07:02:37,110
2026-09-06T07:07:37,117
2026-09-06T07:12:37,126
2026-09-06T07:17:37,126
2026-09-06T07:22:36,125
2026-09-06T07:27:37,131
2026-09-06T07:32:36,136
2026-09-06T07:37:36,142
2026-09-06T07:42:37,154
2026-09-06T07:47:37,164
2026-09-06T07:52:36,167
2026-09-06T07:57:37,171
2026-09-06T08:02:36,175
2026-09-06T08:07:37,184
2026-09-06T08:12:40,186
2026-09-06T08:17:37,184
2026-09-06T08:22:36,190
2026-09-06T08:27:37,190
2026-09-06T08:32:37,194
2026-09-06T08:37:37,194
2026-09-06T08:42:37,189
2026-09-06T08:47:37,189
2026-09-06T08:52:37,187
2026-09-06T08:57:37,183
2026-09-06T09:02:37,184
2026-09-06T09:07:37,180
2026-09-06T09:12:37,180
2026-09-06T09:17:37,173
2026-09-06T09:22:37,170
2026-09-06T09:27:37,162
2026-09-06T09:32:37,150
2026-09-06T09:37:37,143
2026-09-06T09:42:37,116
2026-09-06T09:47:37,108
2026-09-06T09:52:37,106
2026-09-06T09:57:37,103
2026-09-06T10:02:37,98
2026-09-06T10:07:37,99
2026-09-06T10:12:40,98
2026-09-06T10:17:37,100
2026-09-06T10:22:37,101
2026-09-06T10:27:37,102
2026-09-06T10:32:37,97
2026-09-06T10:37:37,93
2026-09-06T10:42:37,99
2026-09-06T10:47:38,98
2026-09-06T10:52:38,102
2026-09-06T10:57:37,109
2026-09-06T11:02:37,116
2026-09-06T11:07:37,126
2026-09-06T11:12:37,136
2026-09-06T11:17:38,143
2026-09-06T11:22:37,144
2026-09-06T11:27:38,147
2026-09-06T11:32:37,151
2026-09-06T11:37:37,150
2026-09-06T11:42:37,147
2026-09-06T11:47:38,144
2026-09-06T11:52:37,139
2026-09-06T11:57:37,134
2026-09-06T12:02:37,128
2026-09-06T12:07:37,124
2026-09-06T12:12:40,123
2026-09-06T12:17:37,112
2026-09-06T12:22:38,107
2026-09-06T12:27:37,102
2026-09-06T12:32:37,100
2026-09-06T12:37:37,97
2026-09-06T12:42:38,91
2026-09-06T12:47:37,87
2026-09-06T12:52:38,85
2026-09-06T12:57:37,85
2026-09-06T13:02:38,84
2026-09-06T13:07:37,85
2026-09-06T13:12:38,86
2026-09-06T13:17:37,92
2026-09-06T13:22:37,102
2026-09-06T13:27:37,116
2026-09-06T13:32:37,136
2026-09-06T13:37:38,143
2026-09-06T13:42:37,145
2026-09-06T13:47:38,148
2026-09-06T13:52:38,145
2026-09-06T13:57:38,148
2026-09-06T14:02:37,150
2026-09-06T14:07:37,144
2026-09-06T14:12:38,150
2026-09-06T14:17:42,157
2026-09-06T14:22:37,158
2026-09-06T14:27:37,162
2026-09-06T14:32:37,155
2026-09-06T14:37:38,160
2026-09-06T14:42:38,159
2026-09-06T14:47:37,161
2026-09-06T14:52:38,163
2026-09-06T14:57:38,166
2026-09-06T15:02:38,165
2026-09-06T15:07:38,169
2026-09-06T15:12:38,170
2026-09-06T15:17:38,177
2026-09-06T15:22:38,174
2026-09-06T15:27:38,182
2026-09-06T15:32:38,182
2026-09-06T15:37:38,180
2026-09-06T15:42:37,186
2026-09-06T15:47:38,187
2026-09-06T15:52:38,184
2026-09-06T15:57:38,189
2026-09-06T16:02:38,190
2026-09-06T16:07:38,188
2026-09-06T16:12:38,179
2026-09-06T16:17:42,174
2026-09-06T16:22:38,172
2026-09-06T16:27:38,175
2026-09-06T16:32:38,174
2026-09-06T16:37:38,173
2026-09-06T16:42:38,174
2026-09-06T16:47:38,173
2026-09-06T16:52:38,172
2026-09-06T16:57:38,177
2026-09-06T17:02:38,176
2026-09-06T17:07:38,167
2026-09-06T17:12:38,163
2026-09-06T17:17:38,156
2026-09-06T17:22:38,149
2026-09-06T17:27:38,145
2026-09-06T17:32:38,142
2026-09-06T17:37:38,140
2026-09-06T17:42:38,134
2026-09-06T17:47:39,130
2026-09-06T17:52:38,127
2026-09-06T17:57:38,122
2026-09-06T18:02:39,118
2026-09-06T18:07:38,113
2026-09-06T18:12:38,109
2026-09-06T18:17:42,104
2026-09-06T18:22:38,100
2026-09-06T18:27:38,99
2026-09-06T18:32:39,96
2026-09-06T18:37:39,93
2026-09-06T18:42:39,92
2026-09-06T18:47:38,94
2026-09-06T18:52:38,104
2026-09-06T18:57:39,118
2026-09-06T19:02:38,131
2026-09-06T19:07:38,135
2026-09-06T19:12:38,130
2026-09-06T19:17:38,119
2026-09-06T19:22:38,110
2026-09-06T19:27:39,112
2026-09-06T19:32:38,115
2026-09-06T19:37:38,115
2026-09-06T19:42:39,113
2026-09-06T19:47:38,103
2026-09-06T19:52:39,99
2026-09-06T19:57:39,97
2026-09-06T20:02:38,94
2026-09-06T20:07:38,97
2026-09-06T20:12:39,96
2026-09-06T20:17:38,92
2026-09-06T20:22:42,89
2026-09-06T20:27:39,92
2026-09-06T20:32:39,95
2026-09-06T20:37:39,96
2026-09-06T20:42:39,96
2026-09-06T20:47:38,95
2026-09-06T20:52:38,95
2026-09-06T20:57:38,105
2026-09-06T21:02:38,112
2026-09-06T21:07:38,121
2026-09-06T21:12:38,128
2026-09-06T21:17:38,138
2026-09-06T21:22:38,147
2026-09-06T21:27:39,151
2026-09-06T21:32:38,160
2026-09-06T21:37:38,167
2026-09-06T21:42:39,171
2026-09-06T21:47:38,176
2026-09-06T21:52:39,176
2026-09-06T21:57:39,178
2026-09-06T22:02:39,188
2026-09-06T22:07:39,179
2026-09-06T22:12:39,192
2026-09-06T22:17:38,206
2026-09-06T22:22:39,191
2026-09-06T22:27:41,188
2026-09-06T22:32:38,192
2026-09-06T22:37:39,190
2026-09-06T22:42:39,187
2026-09-06T22:47:38,186
2026-09-06T22:52:39,183
2026-09-06T22:57:38,179
2026-09-06T23:02:39,174
2026-09-06T23:07:38,175
2026-09-06T23:12:38,175
2026-09-06T23:17:39,173
2026-09-06T23:22:39,166
2026-09-06T23:27:39,168
2026-09-06T23:32:38,165
2026-09-06T23:37:38,159
2026-09-06T23:42:39,148
2026-09-06T23:47:39,145
2026-09-06T23:52:39,141
2026-09-06T23:57:39,135
2026-09-07T00:02:39,132
2026-09-07T00:07:39,133
2026-09-07T00:12:39,129
2026-09-07T00:17:39,127
2026-09-07T00:22:39,125
2026-09-07T00:27:39,125
2026-09-07T00:32:42,125
2026-09-07T00:37:39,125
2026-09-07T00:42:39,124
2026-09-07T00:47:39,120
2026-09-07T00:52:39,119
2026-09-07T00:57:39,121
2026-09-07T01:02:39,123
2026-09-07T01:07:39,122
2026-09-07T01:12:39,118
2026-09-07T01:17:39,123
2026-09-07T01:22:39,126
2026-09-07T01:27:39,127
2026-09-07T01:32:40,128
2026-09-07T01:37:39,119
2026-09-07T01:42:39,125
2026-09-07T01:47:39,128
2026-09-07T01:52:39,126
2026-09-07T01:57:39,128
2026-09-07T02:02:39,128
2026-09-07T02:07:39,128
2026-09-07T02:12:39,128
2026-09-07T02:17:39,125
2026-09-07T02:22:40,124
2026-09-07T02:27:39,124
2026-09-07T02:32:39,125
2026-09-07T02:37:42,126
2026-09-07T02:42:39,122
2026-09-07T02:47:39,117
2026-09-07T02:52:39,115
2026-09-07T02:57:40,119
2026-09-07T03:02:39,121
2026-09-07T03:07:39,118
2026-09-07T03:12:40,110
2026-09-07T03:17:40,107
2026-09-07T03:22:39,108
2026-09-07T03:27:39,105
2026-09-07T03:32:39,107
2026-09-07T03:37:40,117
2026-09-07T03:42:39,115
2026-09-07T03:47:40,115
2026-09-07T03:52:39,116
2026-09-07T03:57:39,117
2026-09-07T04:02:40,119
2026-09-07T04:07:39,119
2026-09-07T04:12:39,118
2026-09-07T04:17:40,122
2026-09-07T04:22:39,123
2026-09-07T04:27:39,123
2026-09-07T04:32:40,122
2026-09-07T04:37:41,124
2026-09-07T04:42:39,122
2026-09-07T04:47:39,119
2026-09-07T04:52:39,117
2026-09-07T04:57:40,117
2026-09-07T05:02:39,117
2026-09-07T05:07:39,113
2026-09-07T05:12:40,106
2026-09-07T05:17:39,103
2026-09-07T05:22:40,104
2026-09-07T05:27:40,106
2026-09-07T05:32:39,115
2026-09-07T05:37:39,114
2026-09-07T05:42:39,114
2026-09-07T05:47:39,120
2026-09-07T05:52:40,118
2026-09-07T05:57:40,118
2026-09-07T06:02:40,121
2026-09-07T06:07:39,119
2026-09-07T06:12:40,121
2026-09-07T06:17:40,120
2026-09-07T06:22:39,121
2026-09-07T06:27:39,122
2026-09-07T06:32:39,119
2026-09-07T06:37:40,118
2026-09-07T06:42:43,121
2026-09-07T06:47:40,121
2026-09-07T06:52:40,123
2026-09-07T06:57:40,123
2026-09-07T07:02:40,115
2026-09-07T07:07:40,124
2026-09-07T07:12:40,116
2026-09-07T07:17:40,111
2026-09-07T07:22:39,113
2026-09-07T07:27:40,118
2026-09-07T07:32:40,125
2026-09-07T07:37:40,110
2026-09-07T07:42:40,114
2026-09-07T07:47:40,122
2026-09-07T07:52:40,119
2026-09-07T07:57:40,120
2026-09-07T08:02:40,124
2026-09-07T08:07:40,126
2026-09-07T08:12:40,126
2026-09-07T08:17:40,132
2026-09-07T08:22:41,135
2026-09-07T08:27:40,140
2026-09-07T08:32:40,134
2026-09-07T08:37:40,135
2026-09-07T08:42:43,142
2026-09-07T08:47:40,142
2026-09-07T08:52:40,146
2026-09-07T08:57:40,150
2026-09-07T09:02:41,152
2026-09-07T09:07:40,169
2026-09-07T09:12:40,167
2026-09-07T09:17:40,156
2026-09-07T09:22:40,153
2026-09-07T09:27:40,144
2026-09-07T09:32:40,139
2026-09-07T09:37:40,128
2026-09-07T09:42:41,114
2026-09-07T09:47:40,101
2026-09-07T09:52:40,93
2026-09-07T09:57:40,95
2026-09-07T10:02:40,90
2026-09-07T10:07:40,91
2026-09-07T10:12:40,92
2026-09-07T10:17:40,91
2026-09-07T10:22:41,91
2026-09-07T10:27:40,86
2026-09-07T10:32:40,86
2026-09-07T10:37:41,81
2026-09-07T10:42:44,79
2026-09-07T10:45:00,
2026-09-07T10:47:44,75
2026-09-07T10:52:40,75
2026-09-07T10:57:40,75
2026-09-07T11:02:41,79
2026-09-07T11:07:40,85
2026-09-07T11:12:41,95
2026-09-07T11:17:40,94
2026-09-07T11:22:41,90
2026-09-07T11:27:40,101
2026-09-07T11:32:40,104
2026-09-07T11:37:41,107
2026-09-07T11:42:41,112
2026-09-07T11:47:41,117
2026-09-07T11:52:40,116
2026-09-07T11:57:41,122
2026-09-07T12:02:41,124
2026-09-07T12:07:41,126
2026-09-07T12:12:41,127
2026-09-07T12:17:41,126
2026-09-07T12:22:40,129
2026-09-07T12:27:41,129
2026-09-07T12:32:41,127
2026-09-07T12:37:40,130
2026-09-07T12:42:40,120
2026-09-07T12:47:43,118
2026-09-07T12:52:41,119
2026-09-07T12:57:40,111
2026-09-07T13:02:40,109
2026-09-07T13:07:41,109
2026-09-07T13:12:40,109
2026-09-07T13:17:41,105
2026-09-07T13:22:41,101
2026-09-07T13:27:41,101
2026-09-07T13:32:41,97
2026-09-07T13:37:41,94
2026-09-07T13:42:41,92
2026-09-07T13:47:41,90
2026-09-07T13:52:41,90
2026-09-07T13:57:41,91
2026-09-07T14:02:41,89
2026-09-07T14:07:41,91
2026-09-07T14:12:41,88
2026-09-07T14:17:41,86
2026-09-07T14:22:41,84
2026-09-07T14:27:41,82
2026-09-07T14:32:41,81
2026-09-07T14:37:41,86
2026-09-07T14:42:41,89
2026-09-07T14:47:45,91
2026-09-07T14:52:41,92
2026-09-07T14:57:41,92
2026-09-07T15:02:41,93
2026-09-07T15:07:41,95
2026-09-07T15:12:41,97
2026-09-07T15:17:41,96
2026-09-07T15:22:41,99
2026-09-07T15:27:41,102
2026-09-07T15:32:41,102
2026-09-07T15:37:41,102
2026-09-07T15:42:41,104
2026-09-07T15:47:41,101
2026-09-07T15:52:41,94
2026-09-07T15:57:41,98
2026-09-07T16:02:41,99
2026-09-07T16:07:41,103
2026-09-07T16:12:41,107
2026-09-07T16:17:41,107
2026-09-07T16:22:42,115
2026-09-07T16:27:41,110
2026-09-07T16:32:41,111
2026-09-07T16:37:42,119
2026-09-07T16:42:41,119
2026-09-07T16:47:44,123
2026-09-07T16:52:41,125
2026-09-07T16:57:41,122
2026-09-07T17:02:41,127
2026-09-07T17:07:42,129
2026-09-07T17:12:41,129
2026-09-07T17:17:41,130
2026-09-07T17:22:42,129
2026-09-07T17:27:41,128
2026-09-07T17:32:42,130
2026-09-07T17:37:42,127
2026-09-07T17:42:42,125
2026-09-07T17:47:42,128
2026-09-07T17:52:41,119
2026-09-07T17:57:41,119
2026-09-07T18:02:42,117
2026-09-07T18:07:41,123
2026-09-07T18:12:41,128
2026-09-07T18:17:41,140
2026-09-07T18:22:41,139
2026-09-07T18:27:42,138
2026-09-07T18:32:42,145
2026-09-07T18:37:41,141
2026-09-07T18:42:41,145
2026-09-07T18:47:41,158
2026-09-07T18:52:44,147
2026-09-07T18:57:42,148
2026-09-07T19:02:41,145
2026-09-07T19:07:41,143
2026-09-07T19:12:41,141
2026-09-07T19:17:41,137
2026-09-07T19:22:41,141
2026-09-07T19:27:41,135
2026-09-07T19:32:41,132
2026-09-07T19:37:42,137
2026-09-07T19:42:42,140
2026-09-07T19:47:42,137
2026-09-07T19:52:41,140
2026-09-07T19:57:41,146
2026-09-07T20:02:41,151
2026-09-07T20:07:42,150
2026-09-07T20:12:41,149
2026-09-07T20:17:42,151
2026-09-07T20:22:41,149
2026-09-07T20:27:41,141
2026-09-07T20:32:42,141
2026-09-07T20:37:41,135
2026-09-07T20:42:42,140
2026-09-07T20:47:42,140
2026-09-07T20:52:41,139
2026-09-07T20:57:45,138
2026-09-07T21:02:42,136
2026-09-07T21:07:41,140
2026-09-07T21:12:42,136
2026-09-07T21:17:42,133
2026-09-07T21:22:42,130
2026-09-07T21:27:42,136
2026-09-07T21:32:42,138
2026-09-07T21:37:41,139
2026-09-07T21:42:41,140
2026-09-07T21:47:42,141
2026-09-07T21:52:42,141
2026-09-07T21:57:42,142
2026-09-07T22:02:42,142
2026-09-07T22:07:41,143
2026-09-07T22:12:42,144
2026-09-07T22:17:41,144
2026-09-07T22:22:42,139
2026-09-07T22:27:42,142
2026-09-07T22:32:42,143
2026-09-07T22:37:42,146
2026-09-07T22:42:42,147
2026-09-07T22:47:42,148
2026-09-07T22:52:42,148
2026-09-07T22:57:45,147
2026-09-07T23:02:42,150
2026-09-07T23:07:42,151
2026-09-07T23:12:41,152
2026-09-07T23:17:42,150
2026-09-07T23:22:42,147
2026-09-07T23:27:42,148
2026-09-07T23:32:42,152
2026-09-07T23:37:42,155
2026-09-07T23:42:42,157
2026-09-07T23:47:42,159
2026-09-07T23:52:42,160
2026-09-07T23:57:42,158
2026-09-08T00:02:42,157
2026-09-08T00:07:42,164
2026-09-08T00:12:42,158
2026-09-08T00:17:42,155
2026-09-08T00:22:42,150
2026-09-08T00:27:42,151
2026-09-08T00:32:42,151
2026-09-08T00:37:42,149
2026-09-08T00:42:42,148
2026-09-08T00:47:43,148
2026-09-08T00:52:42,146
2026-09-08T00:57:43,145
2026-09-08T01:02:45,143
2026-09-08T01:07:43,143
2026-09-08T01:12:42,141
2026-09-08T01:17:42,140
2026-09-08T01:22:42,139
2026-09-08T01:27:42,124
2026-09-08T01:32:42,123
2026-09-08T01:37:42,131
2026-09-08T01:42:42,124
2026-09-08T01:47:42,125
2026-09-08T01:52:43,125
2026-09-08T01:57:42,128
2026-09-08T02:02:42,122
2026-09-08T02:07:42,122
2026-09-08T02:12:42,123
2026-09-08T02:17:42,123
2026-09-08T02:22:42,124
2026-09-08T02:27:42,125
2026-09-08T02:32:43,124
2026-09-08T02:37:42,127
2026-09-08T02:42:42,125
2026-09-08T02:47:43,125
2026-09-08T02:52:42,126
2026-09-08T02:57:42,122
2026-09-08T03:02:42,120
2026-09-08T03:07:46,121
2026-09-08T03:12:43,121
2026-09-08T03:17:43,128
2026-09-08T03:22:43,130
2026-09-08T03:27:43,118
2026-09-08T03:32:42,108
2026-09-08T03:37:43,108
2026-09-08T03:42:42,109
2026-09-08T03:47:43,106
2026-09-08T03:52:42,114
2026-09-08T03:57:42,113
2026-09-08T04:02:43,113
2026-09-08T04:07:42,112
2026-09-08T04:12:42,112
2026-09-08T04:17:42,111
2026-09-08T04:22:43,99
2026-09-08T04:27:43,105
2026-09-08T04:32:43,107
2026-09-08T04:37:43,108
2026-09-08T04:42:42,107
2026-09-08T04:47:43,103
2026-09-08T04:52:42,99
2026-09-08T04:57:42,106
2026-09-08T05:02:43,107
2026-09-08T05:07:45,111
2026-09-08T05:12:43,112
2026-09-08T05:17:43,118
2026-09-08T05:22:43,126
2026-09-08T05:27:43,117
2026-09-08T05:32:43,125
2026-09-08T05:37:43,139
2026-09-08T05:42:43,143
2026-09-08T05:47:42,140
2026-09-08T05:52:43,138
2026-09-08T05:57:43,146
2026-09-08T06:02:43,147
2026-09-08T06:07:43,144
2026-09-08T06:12:43,143
2026-09-08T06:17:43,145
2026-09-08T06:22:43,145
2026-09-08T06:27:43,138
2026-09-08T06:32:43,138
2026-09-08T06:37:43,134
2026-09-08T06:42:43,127
2026-09-08T06:47:44,126
2026-09-08T06:52:43,121
2026-09-08T06:57:43,129
2026-09-08T07:02:44,139
2026-09-08T07:07:47,155
2026-09-08T07:12:43,179
2026-09-08T07:17:43,177
2026-09-08T07:22:43,168
2026-09-08T07:27:43,158
2026-09-08T07:32:43,142
2026-09-08T07:37:43,139
2026-09-08T07:42:43,132
2026-09-08T07:47:43,118
2026-09-08T07:52:43,114
2026-09-08T07:57:43,109
2026-09-08T08:02:43,105
2026-09-08T08:07:43,99
2026-09-08T08:12:43,98
2026-09-08T08:17:43,93
2026-09-08T08:22:43,91
2026-09-08T08:27:43,87
2026-09-08T08:32:43,89
2026-09-08T08:37:43,93
2026-09-08T08:42:43,98
2026-09-08T08:47:44,93
2026-09-08T08:52:43,91
2026-09-08T08:57:43,92
2026-09-08T09:02:43,91
2026-09-08T09:07:43,91
2026-09-08T09:12:47,92
2026-09-08T09:17:43,90
2026-09-08T09:22:43,91
2026-09-08T09:27:44,94
2026-09-08T09:32:43,103
2026-09-08T09:37:44,106
2026-09-08T09:42:43,116
2026-09-08T09:47:44,123
2026-09-08T09:52:43,137
2026-09-08T09:57:44,142
2026-09-08T10:02:43,162
2026-09-08T10:07:43,168
2026-09-08T10:12:43,171
2026-09-08T10:15:00,
2026-09-08T10:17:44,171
2026-09-08T10:22:43,172
2026-09-08T10:27:43,171
2026-09-08T10:32:43,172
2026-09-08T10:37:43,167
2026-09-08T10:42:44,157
2026-09-08T10:47:43,158
2026-09-08T10:52:43,161
2026-09-08T10:57:44,158
2026-09-08T11:02:44,160
2026-09-08T11:07:43,159
2026-09-08T11:12:44,151
2026-09-08T11:17:46,146
2026-09-08T11:22:44,138
2026-09-08T11:27:44,136
2026-09-08T11:32:44,131
2026-09-08T11:37:43,124
2026-09-08T11:42:43,122
2026-09-08T11:47:44,115
2026-09-08T11:52:43,107
2026-09-08T11:57:44,102
2026-09-08T12:02:43,95
2026-09-08T12:07:44,92
2026-09-08T12:12:44,93
2026-09-08T12:17:44,98
2026-09-08T12:22:44,96
2026-09-08T12:27:44,94
2026-09-08T12:32:43,97
2026-09-08T12:37:44,97
2026-09-08T12:42:44,99
2026-09-08T12:47:44,102
2026-09-08T12:52:44,98
2026-09-08T12:57:44,102
2026-09-08T13:02:44,102
2026-09-08T13:07:43,105
2026-09-08T13:12:44,104
2026-09-08T13:17:44,100
2026-09-08T13:22:47,100
2026-09-08T13:27:44,100
2026-09-08T13:32:44,101
2026-09-08T13:37:44,108
2026-09-08T13:42:43,110
2026-09-08T13:47:44,114
2026-09-08T13:52:44,125
2026-09-08T13:57:44,124
2026-09-08T14:02:44,127
2026-09-08T14:07:43,133
2026-09-08T14:12:43,136
2026-09-08T14:17:44,141
2026-09-08T14:22:44,142
2026-09-08T14:27:44,143
2026-09-08T14:32:44,143
2026-09-08T14:37:44,140
2026-09-08T14:42:44,142
2026-09-08T14:47:44,140
2026-09-08T14:52:44,134
2026-09-08T14:57:44,136
2026-09-08T15:02:44,132
2026-09-08T15:07:44,131
2026-09-08T15:12:44,133
2026-09-08T15:17:44,132
2026-09-08T15:22:55,119
2026-09-08T15:27:48,118
2026-09-08T15:32:45,119
2026-09-08T15:37:44,110
2026-09-08T15:42:44,111
2026-09-08T15:47:44,110
2026-09-08T15:52:45,114
2026-09-08T15:57:45,111
2026-09-08T16:02:44,116
2026-09-08T16:07:44,110
2026-09-08T16:12:44,108
2026-09-08T16:17:44,108
2026-09-08T16:22:44,110
2026-09-08T16:27:44,111
2026-09-08T16:32:44,113
2026-09-08T16:37:44,120
2026-09-08T16:42:44,115
2026-09-08T16:47:44,116
2026-09-08T16:52:44,120
2026-09-08T16:57:45,118
2026-09-08T17:02:45,122
2026-09-08T17:07:45,121
2026-09-08T17:12:45,120
2026-09-08T17:17:44,123
2026-09-08T17:22:44,114
2026-09-08T17:27:49,117
2026-09-08T17:32:45,117
2026-09-08T17:37:44,115
2026-09-08T17:42:44,117
2026-09-08T17:47:45,116
2026-09-08T17:52:45,115
2026-09-08T17:57:44,115
2026-09-08T18:02:44,114
2026-09-08T18:07:44,116
2026-09-08T18:12:44,114
2026-09-08T18:17:44,113
2026-09-08T18:22:44,114
2026-09-08T18:27:45,116
2026-09-08T18:32:45,109
2026-09-08T18:37:45,116
2026-09-08T18:42:45,124
2026-09-08T18:47:45,123
2026-09-08T18:52:45,127
2026-09-08T18:57:45,126
2026-09-08T19:02:44,129
2026-09-08T19:07:45,134
2026-09-08T19:12:45,134
2026-09-08T19:17:44,127
2026-09-08T19:22:45,127
2026-09-08T19:27:48,132
2026-09-08T19:32:45,130
2026-09-08T19:37:44,126
2026-09-08T19:42:45,122
2026-09-08T19:47:45,119
2026-09-08T19:52:44,115
2026-09-08T19:57:45,114
2026-09-08T20:02:45,115
2026-09-08T20:07:45,115
2026-09-08T20:12:45,107
2026-09-08T20:17:45,112
2026-09-08T20:22:44,114
2026-09-08T20:27:45,117
2026-09-08T20:32:44,112
2026-09-08T20:37:44,113
2026-09-08T20:42:45,111
2026-09-08T20:47:45,110
2026-09-08T20:52:44,117
2026-09-08T20:57:45,118
2026-09-08T21:02:45,101
2026-09-08T21:07:45,105
2026-09-08T21:12:45,109
2026-09-08T21:17:45,110
2026-09-08T21:22:45,106
2026-09-08T21:27:47,107
2026-09-08T21:32:44,108
2026-09-08T21:37:44,110
2026-09-08T21:42:44,113
2026-09-08T21:47:45,116
2026-09-08T21:52:44,120
2026-09-08T21:57:45,116
2026-09-08T22:02:45,117
2026-09-08T22:07:44,117
2026-09-08T22:12:45,119
2026-09-08T22:17:45,122
2026-09-08T22:22:45,124
2026-09-08T22:27:45,124
2026-09-08T22:32:45,129
2026-09-08T22:37:45,131
2026-09-08T22:42:45,119
2026-09-08T22:47:45,124
2026-09-08T22:52:45,131
2026-09-08T22:57:45,131
2026-09-08T23:02:45,133
2026-09-08T23:07:45,134
2026-09-08T23:12:45,126
2026-09-08T23:17:45,128
2026-09-08T23:22:45,130
2026-09-08T23:27:45,131
2026-09-08T23:32:48,131
2026-09-08T23:37:45,133
2026-09-08T23:42:45,132
2026-09-08T23:47:45,134
2026-09-08T23:52:45,134
2026-09-08T23:57:45,134
2026-09-09T00:02:45,130
2026-09-09T00:07:45,131
2026-09-09T00:12:45,132
2026-09-09T00:17:45,133
2026-09-09T00:22:45,135
2026-09-09T00:27:46,127
2026-09-09T00:32:46,130
2026-09-09T00:37:45,132
2026-09-09T00:42:45,131
2026-09-09T00:47:45,131
2026-09-09T00:52:45,121
2026-09-09T00:57:45,120
2026-09-09T01:02:45,124
2026-09-09T01:07:45,124
2026-09-09T01:12:45,123
2026-09-09T01:17:45,114
2026-09-09T01:22:46,115
2026-09-09T01:27:45,123
2026-09-09T01:32:48,125
2026-09-09T01:37:45,121
2026-09-09T01:42:46,112
2026-09-09T01:47:45,118
2026-09-09T01:52:45,120
2026-09-09T01:57:45,120
2026-09-09T02:02:45,123
2026-09-09T02:07:46,117
2026-09-09T02:12:45,118
2026-09-09T02:17:45,114
2026-09-09T02:22:45,114
2026-09-09T02:27:45,114
2026-09-09T02:32:46,115
2026-09-09T02:37:45,114
2026-09-09T02:42:45,114
2026-09-09T02:47:46,115
2026-09-09T02:52:45,114
2026-09-09T02:57:45,112
2026-09-09T03:02:45,109
2026-09-09T03:07:46,110
2026-09-09T03:12:46,111
2026-09-09T03:17:46,112
2026-09-09T03:22:46,114
2026-09-09T03:27:45,112
2026-09-09T03:32:48,112
2026-09-09T03:37:45,114
2026-09-09T03:42:45,123
2026-09-09T03:47:46,126
2026-09-09T03:52:46,120
2026-09-09T03:57:45,115
2026-09-09T04:02:46,109
2026-09-09T04:07:46,118
2026-09-09T04:12:46,114
2026-09-09T04:17:46,113
2026-09-09T04:22:46,114
2026-09-09T04:27:46,115
2026-09-09T04:32:46,115
2026-09-09T04:37:46,116
2026-09-09T04:42:46,117
2026-09-09T04:47:45,118
2026-09-09T04:52:46,121
2026-09-09T04:57:46,121
2026-09-09T05:02:46,126
2026-09-09T05:07:45,120
2026-09-09T05:12:46,126
2026-09-09T05:17:45,128
2026-09-09T05:22:45,129
2026-09-09T05:27:46,133
2026-09-09T05:32:48,129
2026-09-09T05:37:45,134
2026-09-09T05:42:45,134
2026-09-09T05:47:46,133
2026-09-09T05:52:46,141
2026-09-09T05:57:45,142
2026-09-09T06:02:46,141
2026-09-09T06:07:46,136
2026-09-09T06:12:46,138
2026-09-09T06:17:46,141
2026-09-09T06:22:46,135
2026-09-09T06:27:46,136
2026-09-09T06:32:46,145
2026-09-09T06:37:46,144
2026-09-09T06:42:46,138
2026-09-09T06:47:46,138
2026-09-09T06:52:46,134
2026-09-09T06:57:46,132
2026-09-09T07:02:46,137
2026-09-09T07:07:46,130
2026-09-09T07:12:46,121
2026-09-09T07:17:46,116
2026-09-09T07:22:46,120
2026-09-09T07:27:46,118
2026-09-09T07:32:46,117
2026-09-09T07:37:57,112
2026-09-09T07:42:46,110
2026-09-09T07:47:46,109
2026-09-09T07:52:46,109
2026-09-09T07:57:46,104
2026-09-09T08:02:46,110
2026-09-09T08:07:46,107
2026-09-09T08:12:47,101
2026-09-09T08:17:46,104
2026-09-09T08:22:47,93
2026-09-09T08:27:46,99
2026-09-09T08:32:46,91
2026-09-09T08:37:46,91
2026-09-09T08:42:47,87
2026-09-09T08:47:46,82
2026-09-09T08:52:46,78
2026-09-09T08:57:46,74
2026-09-09T09:02:47,77
2026-09-09T09:07:46,84
2026-09-09T09:12:47,92
2026-09-09T09:17:46,98
2026-09-09T09:22:46,103
2026-09-09T09:27:46,111
2026-09-09T09:32:46,116
2026-09-09T09:37:49,123
2026-09-09T09:42:46,129
2026-09-09T09:47:46,137
2026-09-09T09:52:47,151
2026-09-09T09:57:46,151
2026-09-09T10:02:46,158
2026-09-09T10:07:46,169
2026-09-09T10:12:46,165
2026-09-09T10:17:46,173
2026-09-09T10:22:46,158
2026-09-09T10:27:46,160
2026-09-09T10:32:47,160
2026-09-09T10:37:47,169
2026-09-09T10:42:46,170
2026-09-09T10:47:46,157
2026-09-09T10:52:47,156
2026-09-09T10:57:47,159
2026-09-09T11:02:46,162
2026-09-09T11:07:46,173
2026-09-09T11:12:46,168
2026-09-09T11:17:47,168
2026-09-09T11:22:47,173
2026-09-09T11:27:46,171
2026-09-09T11:32:47,173
2026-09-09T11:37:47,173
2026-09-09T11:42:50,176
2026-09-09T11:47:47,164
2026-09-09T11:52:47,156
2026-09-09T11:57:47,146
2026-09-09T12:02:46,136
2026-09-09T12:07:47,137
2026-09-09T12:12:47,128
2026-09-09T12:17:47,119
2026-09-09T12:22:47,114
2026-09-09T12:27:47,107
2026-09-09T12:32:47,102
2026-09-09T12:37:47,101
2026-09-09T12:42:47,102
2026-09-09T12:47:46,100
2026-09-09T12:52:47,96
2026-09-09T12:57:46,97
2026-09-09T13:02:46,91
2026-09-09T13:07:47,88
2026-09-09T13:12:46,88
2026-09-09T13:17:47,91
2026-09-09T13:22:47,91
2026-09-09T13:27:47,90
2026-09-09T13:32:47,89
2026-09-09T13:37:47,88
2026-09-09T13:42:47,87
2026-09-09T13:47:59,88
2026-09-09T13:52:47,82
2026-09-09T13:57:47,82
2026-09-09T14:02:46,86
2026-09-09T14:07:47,93
2026-09-09T14:12:47,99
2026-09-09T14:17:47,102
2026-09-09T14:22:47,105
2026-09-09T14:27:47,106
2026-09-09T14:32:47,111
2026-09-09T14:37:47,112
2026-09-09T14:42:47,111
2026-09-09T14:47:47,114
2026-09-09T14:52:47,115
2026-09-09T14:57:47,112
2026-09-09T15:02:47,113
2026-09-09T15:07:47,113
2026-09-09T15:12:47,108
2026-09-09T15:17:47,105
2026-09-09T15:22:47,101
2026-09-09T15:27:47,99
2026-09-09T15:32:47,95
2026-09-09T15:37:47,95
2026-09-09T15:42:48,101
2026-09-09T15:47:51,98
2026-09-09T15:52:48,105
2026-09-09T15:57:48,104
2026-09-09T16:02:48,109
2026-09-09T16:07:48,104
2026-09-09T16:12:47,102
2026-09-09T16:17:48,107
2026-09-09T16:18:00,
2026-09-09T16:22:48,111
2026-09-09T16:27:48,105
2026-09-09T16:32:48,97
2026-09-09T16:37:48,89
2026-09-09T16:42:48,98
2026-09-09T16:47:47,119
2026-09-09T16:52:47,135
2026-09-09T16:57:47,138
2026-09-09T17:02:47,153
2026-09-09T17:07:47,138
2026-09-09T17:12:47,131
2026-09-09T17:17:47,126
2026-09-09T17:22:48,119
2026-09-09T17:27:48,123
2026-09-09T17:32:48,115
2026-09-09T17:37:47,115
2026-09-09T17:42:48,118
2026-09-09T17:47:48,114
2026-09-09T17:52:51,112
2026-09-09T17:57:48,119
2026-09-09T18:02:47,119
2026-09-09T18:07:48,122
2026-09-09T18:12:48,121
2026-09-09T18:17:47,119
2026-09-09T18:22:48,117
2026-09-09T18:27:48,116
2026-09-09T18:32:48,108
2026-09-09T18:37:47,102
2026-09-09T18:42:47,92
2026-09-09T18:47:48,87
2026-09-09T18:52:48,94
2026-09-09T18:57:48,95
2026-09-09T19:02:48,94
2026-09-09T19:07:48,89
2026-09-09T19:12:48,98
2026-09-09T19:17:48,98
2026-09-09T19:22:48,102
2026-09-09T19:27:48,102
2026-09-09T19:32:48,107
2026-09-09T19:37:47,104
2026-09-09T19:42:48,106
2026-09-09T19:47:47,106
2026-09-09T19:52:48,114
2026-09-09T19:57:50,107
2026-09-09T20:02:48,106
2026-09-09T20:07:47,103
2026-09-09T20:12:48,99
2026-09-09T20:17:48,97
2026-09-09T20:22:48,101
2026-09-09T20:27:48,90
2026-09-09T20:32:48,88
2026-09-09T20:37:48,90
2026-09-09T20:42:48,88
2026-09-09T20:47:48,88
2026-09-09T20:52:48,90
2026-09-09T20:57:48,91
2026-09-09T21:02:48,98
2026-09-09T21:07:48,100
2026-09-09T21:12:47,104
2026-09-09T21:17:48,99
2026-09-09T21:22:48,103
2026-09-09T21:27:48,107
2026-09-09T21:32:48,106
2026-09-09T21:37:48,109
2026-09-09T21:42:48,111
2026-09-09T21:47:48,114
2026-09-09T21:52:48,117
2026-09-09T21:57:48,117
2026-09-09T22:02:51,101
2026-09-09T22:07:48,102
2026-09-09T22:12:48,107
2026-09-09T22:17:48,100
2026-09-09T22:22:48,100
2026-09-09T22:27:48,102
2026-09-09T22:32:48,103
2026-09-09T22:37:48,101
2026-09-09T22:42:48,105
2026-09-09T22:47:48,115
2026-09-09T22:52:48,115
2026-09-09T22:57:48,108
2026-09-09T23:02:48,111
2026-09-09T23:07:49,113
2026-09-09T23:12:48,115
2026-09-09T23:17:48,116
2026-09-09T23:22:49,118
2026-09-09T23:27:48,116
2026-09-09T23:32:48,117
2026-09-09T23:37:48,119
2026-09-09T23:42:48,119
2026-09-09T23:47:48,120
2026-09-09T23:52:48,109
2026-09-09T23:57:48,107
2026-09-10T00:02:51,115
2026-09-10T00:07:48,114
2026-09-10T00:12:48,116
2026-09-10T00:17:48,114
2026-09-10T00:22:49,113
2026-09-10T00:27:48,114
2026-09-10T00:32:48,113
2026-09-10T00:37:48,112
2026-09-10T00:42:49,110
2026-09-10T00:47:48,108
2026-09-10T00:52:48,109
2026-09-10T00:57:48,108
2026-09-10T01:02:49,99
2026-09-10T01:07:49,100
2026-09-10T01:12:48,107
2026-09-10T01:17:48,110
2026-09-10T01:22:48,109
2026-09-10T01:27:48,109
2026-09-10T01:32:49,109
2026-09-10T01:37:49,102
2026-09-10T01:42:48,97
2026-09-10T01:47:49,104
2026-09-10T01:52:48,111
2026-09-10T01:57:49,103
2026-09-10T02:02:49,105
2026-09-10T02:07:52,104
2026-09-10T02:12:48,107
2026-09-10T02:17:48,108
2026-09-10T02:22:49,112
2026-09-10T02:27:48,114
2026-09-10T02:32:49,117
2026-09-10T02:37:49,119
2026-09-10T02:42:49,115
2026-09-10T02:47:49,114
2026-09-10T02:52:49,120
2026-09-10T02:57:49,121
2026-09-10T03:02:49,103
2026-09-10T03:07:49,103
2026-09-10T03:12:48,109
2026-09-10T03:17:49,104
2026-09-10T03:22:48,104
2026-09-10T03:27:49,101
2026-09-10T03:32:49,99
2026-09-10T03:37:48,95
2026-09-10T03:42:49,96
2026-09-10T03:47:49,94
2026-09-10T03:52:49,96
2026-09-10T03:57:48,94
2026-09-10T04:02:49,95
2026-09-10T04:07:52,100
2026-09-10T04:12:48,100
2026-09-10T04:17:49,99
2026-09-10T04:22:49,106
2026-09-10T04:27:49,113
2026-09-10T04:32:49,116
2026-09-10T04:37:48,110
2026-09-10T04:42:49,102
2026-09-10T04:47:49,111
2026-09-10T04:52:49,104
2026-09-10T04:57:49,113
2026-09-10T05:02:49,118
2026-09-10T05:07:49,101
2026-09-10T05:12:49,102
2026-09-10T05:17:49,107
2026-09-10T05:22:49,107
2026-09-10T05:27:48,108
2026-09-10T05:32:49,114
2026-09-10T05:37:49,117
2026-09-10T05:42:49,115
2026-09-10T05:47:49,119
2026-09-10T05:52:49,123
2026-09-10T05:57:48,121
2026-09-10T06:02:49,122
2026-09-10T06:07:53,120
2026-09-10T06:12:49,125
2026-09-10T06:17:49,124
2026-09-10T06:22:49,115
2026-09-10T06:27:49,116
2026-09-10T06:32:49,116
2026-09-10T06:37:49,129
2026-09-10T06:42:49,145
2026-09-10T06:47:49,159
2026-09-10T06:52:49,172
2026-09-10T06:57:49,166
2026-09-10T07:02:49,153
2026-09-10T07:07:49,140
2026-09-10T07:12:49,133
2026-09-10T07:17:49,131
2026-09-10T07:22:49,123
2026-09-10T07:27:49,112
2026-09-10T07:32:49,103
2026-09-10T07:37:49,102
2026-09-10T07:42:50,94
2026-09-10T07:47:49,90
2026-09-10T07:52:49,91
2026-09-10T07:57:49,86
2026-09-10T08:02:50,86
2026-09-10T08:07:49,75
2026-09-10T08:12:52,71
2026-09-10T08:17:49,71
2026-09-10T08:22:49,70
2026-09-10T08:27:49,69
2026-09-10T08:32:49,60
2026-09-10T08:37:50,48
2026-09-10T08:42:50,52
2026-09-10T08:47:49,56
2026-09-10T08:52:49,69
2026-09-10T08:57:49,77
2026-09-10T09:02:49,88
2026-09-10T09:07:49,93
2026-09-10T09:12:49,96
2026-09-10T09:17:50,100
2026-09-10T09:22:50,103
2026-09-10T09:27:50,104
2026-09-10T09:32:49,114
2026-09-10T09:37:49,117
2026-09-10T09:42:49,117
2026-09-10T09:47:49,121
2026-09-10T09:52:49,125
2026-09-10T09:57:50,125
2026-09-10T10:02:50,129
2026-09-10T10:07:49,130
2026-09-10T10:12:50,137
2026-09-10T10:17:54,151
2026-09-10T10:22:49,153
2026-09-10T10:27:50,151
2026-09-10T10:32:49,157
2026-09-10T10:37:49,165
2026-09-10T10:42:49,162
2026-09-10T10:47:50,158
2026-09-10T10:52:50,161
2026-09-10T10:57:50,161
2026-09-10T11:02:50,163
2026-09-10T11:07:49,160
2026-09-10T11:12:49,145
2026-09-10T11:17:49,125
2026-09-10T11:22:50,117
2026-09-10T11:27:50,111
2026-09-10T11:32:50,108
2026-09-10T11:37:50,106
2026-09-10T11:42:50,109
2026-09-10T11:47:49,106
2026-09-10T11:52:49,106
2026-09-10T11:57:50,104
2026-09-10T12:02:50,102
2026-09-10T12:07:50,99
2026-09-10T12:12:50,97
2026-09-10T12:17:54,97
2026-09-10T12:22:50,98
2026-09-10T12:27:50,97
2026-09-10T12:32:49,96
2026-09-10T12:37:50,99
2026-09-10T12:42:50,99
2026-09-10T12:47:50,101
2026-09-10T12:52:50,101
2026-09-10T12:57:50,102
2026-09-10T13:02:50,104
2026-09-10T13:07:50,106
2026-09-10T13:12:50,105
2026-09-10T13:17:50,102
2026-09-10T13:22:50,104
2026-09-10T13:27:50,109
2026-09-10T13:32:50,105
2026-09-10T13:37:50,104
2026-09-10T13:42:50,100
2026-09-10T13:47:50,95
2026-09-10T13:52:50,85
2026-09-10T13:55:00,
2026-09-10T13:57:50,88
2026-09-10T14:02:49,94
2026-09-10T14:07:50,101
2026-09-10T14:12:50,107
2026-09-10T14:17:53,116
2026-09-10T14:22:50,119
2026-09-10T14:27:50,120
2026-09-10T14:32:50,126
2026-09-10T14:37:50,127
2026-09-10T14:42:50,130
2026-09-10T14:47:51,137
2026-09-10T14:52:50,136
2026-09-10T14:57:51,137
2026-09-10T15:02:50,144
2026-09-10T15:07:50,145
2026-09-10T15:12:50,148
2026-09-10T15:17:50,151
2026-09-10T15:22:51,153
2026-09-10T15:27:50,136
2026-09-10T15:32:50,129
2026-09-10T15:37:50,134
2026-09-10T15:42:50,136
2026-09-10T15:47:50,141
2026-09-10T15:52:50,144
2026-09-10T15:57:50,143
2026-09-10T16:02:50,147
2026-09-10T16:07:50,149
2026-09-10T16:12:51,149
2026-09-10T16:17:51,154
2026-09-10T16:22:54,151
2026-09-10T16:27:51,154
2026-09-10T16:32:50,156
2026-09-10T16:37:51,158
2026-09-10T16:42:51,162
2026-09-10T16:47:50,156
2026-09-10T16:52:51,160
2026-09-10T16:57:50,159
2026-09-10T17:02:50,160
2026-09-10T17:07:50,155
2026-09-10T17:12:50,158
2026-09-10T17:17:50,159
2026-09-10T17:22:51,155
2026-09-10T17:27:50,156
2026-09-10T17:32:50,155
2026-09-10T17:37:50,152
2026-09-10T17:42:50,155
2026-09-10T17:47:51,154
2026-09-10T17:52:50,152
2026-09-10T17:57:50,154
2026-09-10T18:02:50,155
2026-09-10T18:07:51,158
2026-09-10T18:12:51,152
2026-09-10T18:17:51,149
2026-09-10T18:22:50,143
2026-09-10T18:27:58,142
2026-09-10T18:32:50,139
2026-09-10T18:37:50,137
2026-09-10T18:42:51,126
2026-09-10T18:47:50,118
2026-09-10T18:52:50,106
2026-09-10T18:57:50,90
2026-09-10T19:02:00,
2026-09-10T19:02:51,82
2026-09-10T19:07:50,77
2026-09-10T19:12:50,78
2026-09-10T19:15:00,
2026-09-10T19:17:51,75
2026-09-10T19:22:51,79
2026-09-10T19:27:51,88
2026-09-10T19:32:50,93
2026-09-10T19:37:50,102
2026-09-10T19:42:50,105
2026-09-10T19:47:51,114
2026-09-10T19:52:50,117
2026-09-10T19:57:51,117
2026-09-10T20:02:50,110
2026-09-10T20:07:51,112
2026-09-10T20:12:51,114
2026-09-10T20:17:51,115
2026-09-10T20:22:51,114
2026-09-10T20:27:51,119
2026-09-10T20:32:54,123
2026-09-10T20:37:51,134
2026-09-10T20:42:50,137
2026-09-10T20:47:51,138
2026-09-10T20:52:51,144
2026-09-10T20:57:50,149
2026-09-10T21:02:50,148
2026-09-10T21:07:51,156
2026-09-10T21:12:51,150
2026-09-10T21:17:51,149
2026-09-10T21:22:51,157
2026-09-10T21:27:51,165
2026-09-10T21:32:51,168
2026-09-10T21:37:51,173
2026-09-10T21:42:51,175
2026-09-10T21:47:51,178
2026-09-10T21:52:50,178
2026-09-10T21:57:51,178
2026-09-10T22:02:51,173
2026-09-10T22:07:51,163
2026-09-10T22:12:51,176
2026-09-10T22:17:51,187
2026-09-10T22:22:51,191
2026-09-10T22:27:51,192
2026-09-10T22:32:54,183
2026-09-10T22:37:51,179
2026-09-10T22:42:51,186
2026-09-10T22:47:51,189
2026-09-10T22:52:51,193
2026-09-10T22:57:51,196
2026-09-10T23:02:52,192
2026-09-10T23:07:51,190
2026-09-10T23:12:51,198
2026-09-10T23:17:51,212
2026-09-10T23:22:51,203
2026-09-10T23:27:51,191
2026-09-10T23:32:51,195
2026-09-10T23:37:51,195
2026-09-10T23:42:51,186
2026-09-10T23:47:51,179
2026-09-10T23:52:51,183
2026-09-10T23:57:51,183
2026-09-11T00:02:51,181
2026-09-11T00:07:51,178
2026-09-11T00:12:51,182
2026-09-11T00:17:52,183
2026-09-11T00:22:51,181
2026-09-11T00:27:51,179
2026-09-11T00:32:54,178
2026-09-11T00:37:51,176
2026-09-11T00:42:52,175
2026-09-11T00:47:51,172
2026-09-11T00:52:51,163
2026-09-11T00:57:52,160
2026-09-11T01:02:51,153
2026-09-11T01:07:51,166
2026-09-11T01:12:52,167
2026-09-11T01:17:52,165
2026-09-11T01:22:52,163
2026-09-11T01:27:51,159
2026-09-11T01:32:51,145
2026-09-11T01:37:51,145
2026-09-11T01:42:52,147
2026-09-11T01:47:51,148
2026-09-11T01:52:52,147
2026-09-11T01:57:51,147
2026-09-11T02:02:52,151
2026-09-11T02:07:51,145
2026-09-11T02:12:51,150
2026-09-11T02:17:52,144
2026-09-11T02:22:52,142
2026-09-11T02:27:51,143
2026-09-11T02:32:51,142
2026-09-11T02:37:54,143
2026-09-11T02:42:52,144
2026-09-11T02:47:52,137
2026-09-11T02:52:52,125
2026-09-11T02:57:52,136
2026-09-11T03:02:52,132
2026-09-11T03:07:51,136
2026-09-11T03:12:52,147
2026-09-11T03:17:52,142
2026-09-11T03:22:52,142
2026-09-11T03:27:52,141
2026-09-11T03:32:52,136
2026-09-11T03:37:51,127
2026-09-11T03:42:52,132
2026-09-11T03:47:52,133
2026-09-11T03:52:52,129
2026-09-11T03:57:52,115
2026-09-11T04:02:52,126
2026-09-11T04:07:51,123
2026-09-11T04:12:52,119
2026-09-11T04:17:51,123
2026-09-11T04:22:52,120
2026-09-11T04:27:52,125
2026-09-11T04:32:52,115
2026-09-11T04:37:52,114
2026-09-11T04:42:55,118
2026-09-11T04:47:52,117
2026-09-11T04:52:52,110
2026-09-11T04:57:52,113
2026-09-11T05:02:52,107
2026-09-11T05:07:52,106
2026-09-11T05:12:52,110
2026-09-11T05:17:51,111
2026-09-11T05:22:52,107
2026-09-11T05:27:52,109
2026-09-11T05:32:52,111
2026-09-11T05:37:52,114
2026-09-11T05:42:52,117
2026-09-11T05:47:52,110
2026-09-11T05:52:51,112
2026-09-11T05:57:52,118
2026-09-11T06:02:52,110
2026-09-11T06:07:52,103
2026-09-11T06:12:52,113
2026-09-11T06:17:52,121
2026-09-11T06:22:52,114
2026-09-11T06:27:52,122
2026-09-11T06:32:52,125
2026-09-11T06:37:52,129
2026-09-11T06:42:54,129
2026-09-11T06:47:52,125
2026-09-11T06:52:52,133
2026-09-11T06:57:52,134
2026-09-11T07:02:52,142
2026-09-11T07:07:52,143
2026-09-11T07:12:52,146
2026-09-11T07:17:52,149
2026-09-11T07:22:52,146
2026-09-11T07:27:52,140
2026-09-11T07:32:53,142
2026-09-11T07:37:52,145
2026-09-11T07:42:53,151
2026-09-11T07:47:52,141
2026-09-11T07:52:52,143
2026-09-11T07:57:52,156
2026-09-11T08:02:52,161
2026-09-11T08:07:53,161
2026-09-11T08:12:52,150
2026-09-11T08:17:52,133
2026-09-11T08:22:52,120
2026-09-11T08:27:52,113
2026-09-11T08:32:52,110
2026-09-11T08:37:52,106
2026-09-11T08:42:52,101
2026-09-11T08:47:56,96
2026-09-11T08:52:52,94
2026-09-11T08:57:52,92
2026-09-11T09:02:52,92
2026-09-11T09:07:52,97
2026-09-11T09:12:52,99
2026-09-11T09:17:53,101
2026-09-11T09:22:52,103
2026-09-11T09:27:53,107
2026-09-11T09:32:52,114
2026-09-11T09:37:53,113
2026-09-11T09:42:53,117
2026-09-11T09:47:52,122
2026-09-11T09:52:52,129
2026-09-11T09:57:52,141
2026-09-11T10:02:52,150
2026-09-11T10:07:52,149
2026-09-11T10:12:53,143
2026-09-11T10:17:53,141
2026-09-11T10:22:53,129
2026-09-11T10:27:52,120
2026-09-11T10:32:53,111
2026-09-11T10:37:53,111
2026-09-11T10:42:53,120
2026-09-11T10:47:57,112
2026-09-11T10:52:53,104
2026-09-11T10:57:52,103
2026-09-11T11:02:53,108
2026-09-11T11:07:53,112
2026-09-11T11:12:53,114
2026-09-11T11:17:52,112
2026-09-11T11:22:52,117
2026-09-11T11:27:53,118
2026-09-11T11:32:53,114
2026-09-11T11:37:53,113
2026-09-11T11:42:52,112
2026-09-11T11:47:53,113
2026-09-11T11:52:53,117
2026-09-11T11:57:52,111
2026-09-11T12:02:53,109
2026-09-11T12:07:53,110
2026-09-11T12:12:53,105
2026-09-11T12:17:53,108
2026-09-11T12:22:53,104
2026-09-11T12:27:53,99
2026-09-11T12:32:53,101
2026-09-11T12:37:53,99
2026-09-11T12:42:53,100
2026-09-11T12:47:53,103
2026-09-11T12:52:56,102
2026-09-11T12:57:53,103
2026-09-11T13:02:53,100
2026-09-11T13:07:53,102
2026-09-11T13:12:53,103
2026-09-11T13:17:53,101
2026-09-11T13:22:53,98
2026-09-11T13:27:53,98
2026-09-11T13:32:53,97
2026-09-11T13:37:54,93
2026-09-11T13:42:53,91
2026-09-11T13:47:53,88
2026-09-11T13:52:53,90
2026-09-11T13:57:53,92
2026-09-11T14:02:53,97
2026-09-11T14:07:53,109
2026-09-11T14:12:53,111
2026-09-11T14:17:53,117
2026-09-11T14:22:53,121
2026-09-11T14:27:53,121
2026-09-11T14:32:53,122
2026-09-11T14:37:53,123
2026-09-11T14:42:53,122
2026-09-11T14:47:53,122
2026-09-11T14:52:57,118
2026-09-11T14:57:53,116
2026-09-11T15:02:53,114
2026-09-11T15:07:54,112
2026-09-11T15:12:53,111
2026-09-11T15:17:53,112
2026-09-11T15:22:53,111
2026-09-11T15:27:54,109
2026-09-11T15:32:54,109
2026-09-11T15:37:53,109
2026-09-11T15:42:53,110
2026-09-11T15:47:53,109
2026-09-11T15:52:53,110
2026-09-11T15:57:53,112
2026-09-11T16:02:53,122
2026-09-11T16:07:54,122
2026-09-11T16:12:53,120
2026-09-11T16:17:54,124
2026-09-11T16:22:53,121
2026-09-11T16:27:54,119
2026-09-11T16:32:54,121
2026-09-11T16:37:54,126
2026-09-11T16:42:53,126
2026-09-11T16:47:53,131
2026-09-11T16:52:53,129
2026-09-11T16:57:57,128
2026-09-11T17:02:54,129
2026-09-11T17:07:54,130
2026-09-11T17:12:53,129
2026-09-11T17:17:54,127
2026-09-11T17:22:54,126
2026-09-11T17:27:53,126
2026-09-11T17:32:54,128
2026-09-11T17:37:54,126
2026-09-11T17:42:54,123
2026-09-11T17:47:54,123
2026-09-11T17:52:53,124
2026-09-11T17:57:53,121
2026-09-11T18:02:54,122
2026-09-11T18:07:53,120
2026-09-11T18:12:54,120
2026-09-11T18:17:54,117
2026-09-11T18:22:53,115
2026-09-11T18:27:53,113
2026-09-11T18:32:54,111
2026-09-11T18:37:53,108
2026-09-11T18:42:53,104
2026-09-11T18:47:53,99
2026-09-11T18:52:54,97
2026-09-11T18:57:56,93
2026-09-11T19:02:54,100
2026-09-11T19:07:54,105
2026-09-11T19:12:54,118
2026-09-11T19:17:54,126
2026-09-11T19:22:54,134
2026-09-11T19:27:54,140
2026-09-11T19:32:54,137
2026-09-11T19:37:54,138
2026-09-11T19:42:53,135
2026-09-11T19:47:53,136
2026-09-11T19:52:54,129
2026-09-11T19:57:53,123
2026-09-11T20:02:54,115
2026-09-11T20:07:54,109
2026-09-11T20:12:53,100
2026-09-11T20:17:54,83
2026-09-11T20:19:00,
2026-09-11T20:22:54,74
2026-09-11T20:27:54,66
2026-09-11T20:32:54,69
2026-09-11T20:37:54,70
2026-09-11T20:42:54,70
2026-09-11T20:47:54,67
2026-09-11T20:52:54,63
2026-09-11T20:57:54,58
2026-09-11T21:02:00,
2026-09-11T21:02:57,55
2026-09-11T21:07:54,58
2026-09-11T21:12:54,55
2026-09-11T21:17:54,57
2026-09-11T21:22:54,65
2026-09-11T21:27:53,71
2026-09-11T21:32:54,77
2026-09-11T21:37:54,83
2026-09-11T21:42:53,87
2026-09-11T21:47:54,89
2026-09-11T21:52:54,88
2026-09-11T21:57:54,86
2026-09-11T22:02:54,78
2026-09-11T22:07:53,83
2026-09-11T22:12:54,86
2026-09-11T22:17:54,85
2026-09-11T22:22:54,81
2026-09-11T22:27:54,87
2026-09-11T22:32:54,89
2026-09-11T22:37:54,83
2026-09-11T22:42:54,87
2026-09-11T22:47:54,89
2026-09-11T22:52:54,92
2026-09-11T22:57:54,96
2026-09-11T23:02:54,103
2026-09-11T23:07:57,97
2026-09-11T23:12:54,103
2026-09-11T23:17:54,100
2026-09-11T23:22:55,106
2026-09-11T23:27:55,110
2026-09-11T23:32:54,112
2026-09-11T23:37:54,112
2026-09-11T23:42:54,102
2026-09-11T23:47:54,107
2026-09-11T23:52:54,112
2026-09-11T23:57:54,116
2026-09-12T00:02:54,121
2026-09-12T00:07:54,124
2026-09-12T00:12:54,126
2026-09-12T00:17:54,123
2026-09-12T00:22:54,126
2026-09-12T00:27:54,128
2026-09-12T00:32:54,130
2026-09-12T00:37:54,130
2026-09-12T00:42:54,130
2026-09-12T00:47:55,124
2026-09-12T00:52:54,126
2026-09-12T00:57:54,130
2026-09-12T01:02:54,129
2026-09-12T01:07:57,123
2026-09-12T01:12:54,129
2026-09-12T01:17:55,129
2026-09-12T01:22:54,134
2026-09-12T01:27:54,137
2026-09-12T01:32:55,139
2026-09-12T01:37:55,138
2026-09-12T01:42:54,140
2026-09-12T01:47:55,141
2026-09-12T01:52:55,140
2026-09-12T01:57:55,140
2026-09-12T02:02:54,139
2026-09-12T02:07:55,138
2026-09-12T02:12:55,138
2026-09-12T02:17:54,138
2026-09-12T02:22:54,133
2026-09-12T02:27:55,130
2026-09-12T02:32:54,137
2026-09-12T02:37:54,134
2026-09-12T02:42:54,136
2026-09-12T02:47:55,137
2026-09-12T02:52:54,134
2026-09-12T02:57:54,131
2026-09-12T03:02:55,132
2026-09-12T03:07:55,136
2026-09-12T03:12:58,137
2026-09-12T03:17:55,138
2026-09-12T03:22:55,139
2026-09-12T03:27:54,140
2026-09-12T03:32:55,138
2026-09-12T03:37:54,130
2026-09-12T03:42:54,133
2026-09-12T03:47:55,138
2026-09-12T03:52:54,141
2026-09-12T03:57:55,142
2026-09-12T04:02:55,135
2026-09-12T04:07:55,140
2026-09-12T04:12:55,142
2026-09-12T04:17:54,133
2026-09-12T04:22:55,137
2026-09-12T04:27:54,137
2026-09-12T04:32:55,124
2026-09-12T04:37:55,131
2026-09-12T04:42:55,128
2026-09-12T04:47:55,125
2026-09-12T04:52:55,123
2026-09-12T04:57:54,122
2026-09-12T05:02:55,117
2026-09-12T05:07:54,108
2026-09-12T05:12:58,95
2026-09-12T05:17:55,110
2026-09-12T05:22:54,124
2026-09-12T05:27:54,125
2026-09-12T05:32:54,117
2026-09-12T05:37:55,115
2026-09-12T05:42:55,120
2026-09-12T05:47:55,114
2026-09-12T05:52:55,115
2026-09-12T05:57:55,112
2026-09-12T06:02:55,107
2026-09-12T06:07:55,105
2026-09-12T06:12:55,109
2026-09-12T06:17:55,112
2026-09-12T06:22:55,128
2026-09-12T06:27:55,134
2026-09-12T06:32:55,130
2026-09-12T06:37:55,145
2026-09-12T06:42:55,146
2026-09-12T06:47:55,146
2026-09-12T06:52:55,150
2026-09-12T06:57:55,144
2026-09-12T07:02:55,142
2026-09-12T07:07:55,139
2026-09-12T07:12:55,133
2026-09-12T07:17:59,132
2026-09-12T07:22:56,126
2026-09-12T07:27:55,126
2026-09-12T07:32:55,124
2026-09-12T07:37:55,117
2026-09-12T07:42:56,111
2026-09-12T07:47:55,108
2026-09-12T07:52:55,114
2026-09-12T07:57:55,127
2026-09-12T08:02:56,131
2026-09-12T08:07:56,131
2026-09-12T08:12:55,136
2026-09-12T08:17:56,122
2026-09-12T08:22:55,115
2026-09-12T08:27:55,108
2026-09-12T08:32:55,93
2026-09-12T08:37:55,92
2026-09-12T08:42:56,91
2026-09-12T08:47:55,82
2026-09-12T08:52:55,77
2026-09-12T08:57:56,76
2026-09-12T09:02:55,73
2026-09-12T09:07:56,71
2026-09-12T09:12:55,64
2026-09-12T09:18:07,58
2026-09-12T09:22:56,57
2026-09-12T09:27:55,55
2026-09-12T09:32:56,69
2026-09-12T09:37:55,89
2026-09-12T09:42:55,96
2026-09-12T09:47:55,98
2026-09-12T09:52:56,105
2026-09-12T09:57:56,113
2026-09-12T10:02:56,120
2026-09-12T10:07:55,125
2026-09-12T10:12:55,126
2026-09-12T10:17:55,125
2026-09-12T10:22:55,122
2026-09-12T10:27:56,125
2026-09-12T10:32:56,126
2026-09-12T10:37:55,123
2026-09-12T10:42:55,125
2026-09-12T10:47:56,121
2026-09-12T10:52:56,118
2026-09-12T10:57:55,110
2026-09-12T11:02:56,108
2026-09-12T11:07:56,108
2026-09-12T11:12:55,99
2026-09-12T11:18:00,92
2026-09-12T11:22:56,94
2026-09-12T11:27:56,93
2026-09-12T11:32:56,93
2026-09-12T11:37:56,95
2026-09-12T11:42:56,97
2026-09-12T11:47:55,93
2026-09-12T11:52:56,94
2026-09-12T11:57:55,101
2026-09-12T12:02:56,99
2026-09-12T12:07:56,97
2026-09-12T12:12:55,94
2026-09-12T12:17:56,94
2026-09-12T12:22:56,94
2026-09-12T12:27:56,91
2026-09-12T12:32:56,94
2026-09-12T12:37:56,92
2026-09-12T12:42:56,93
2026-09-12T12:47:56,93
2026-09-12T12:52:55,94
2026-09-12T12:57:56,97
2026-09-12T13:02:56,94
2026-09-12T13:07:56,94
2026-09-12T13:12:56,97
2026-09-12T13:17:59,97
2026-09-12T13:22:56,97
2026-09-12T13:27:56,103
2026-09-12T13:32:56,95
2026-09-12T13:37:56,90
2026-09-12T13:42:56,92
2026-09-12T13:47:56,91
2026-09-12T13:52:56,99
2026-09-12T13:57:56,111
2026-09-12T14:02:56,118
2026-09-12T14:07:57,121
2026-09-12T14:12:56,112
2026-09-12T14:17:56,114
2026-09-12T14:22:56,125
2026-09-12T14:27:56,128
2026-09-12T14:32:56,135
2026-09-12T14:37:56,141
2026-09-12T14:42:56,148
2026-09-12T14:47:56,152
2026-09-12T14:52:56,148
2026-09-12T14:57:57,152
2026-09-12T15:02:56,152
2026-09-12T15:07:56,151
2026-09-12T15:12:56,145
2026-09-12T15:17:56,141
2026-09-12T15:22:59,132
2026-09-12T15:27:56,126
2026-09-12T15:32:56,124
2026-09-12T15:37:56,122
2026-09-12T15:42:56,120
2026-09-12T15:47:56,122
2026-09-12T15:52:56,121
2026-09-12T15:57:56,118
2026-09-12T16:02:56,119
2026-09-12T16:07:57,119
2026-09-12T16:12:57,118
2026-09-12T16:17:57,116
2026-09-12T16:22:56,116
2026-09-12T16:27:57,110
2026-09-12T16:32:56,120
2026-09-12T16:37:56,109
2026-09-12T16:42:57,113
2026-09-12T16:47:57,115
2026-09-12T16:52:56,113
2026-09-12T16:57:56,115
2026-09-12T17:02:56,115
2026-09-12T17:07:57,115
2026-09-12T17:12:56,120
2026-09-12T17:17:56,123
2026-09-12T17:22:56,118
2026-09-12T17:28:00,121
2026-09-12T17:32:57,123
2026-09-12T17:37:56,122
2026-09-12T17:42:56,120
2026-09-12T17:47:56,122
2026-09-12T17:52:56,123
2026-09-12T17:57:56,119
2026-09-12T18:02:57,119
2026-09-12T18:07:56,120
2026-09-12T18:12:57,122
2026-09-12T18:17:57,120
2026-09-12T18:22:57,120
2026-09-12T18:27:56,121
2026-09-12T18:32:57,122
2026-09-12T18:37:56,118
2026-09-12T18:42:56,115
2026-09-12T18:47:56,119
2026-09-12T18:52:56,118
2026-09-12T18:57:56,124
2026-09-12T19:02:57,124
2026-09-12T19:07:56,129
2026-09-12T19:12:56,128
2026-09-12T19:17:56,133
2026-09-12T19:22:56,147
2026-09-12T19:27:59,149
2026-09-12T19:32:56,152
2026-09-12T19:37:56,148
2026-09-12T19:42:57,144
2026-09-12T19:47:56,144
2026-09-12T19:52:57,140
2026-09-12T19:57:56,134
2026-09-12T20:02:57,130
2026-09-12T20:07:57,124
2026-09-12T20:12:56,124
2026-09-12T20:17:56,122
2026-09-12T20:22:57,115
2026-09-12T20:27:57,109
2026-09-12T20:32:57,106
2026-09-12T20:37:57,100
2026-09-12T20:42:57,93
2026-09-12T20:47:57,90
2026-09-12T20:52:57,94
2026-09-12T20:57:57,92
2026-09-12T21:02:57,90
2026-09-12T21:07:57,91
2026-09-12T21:12:57,93
2026-09-12T21:17:57,91
2026-09-12T21:22:57,96
2026-09-12T21:27:57,97
2026-09-12T21:33:00,92
2026-09-12T21:37:57,91
2026-09-12T21:42:57,91
2026-09-12T21:47:57,88
2026-09-12T21:52:57,69
2026-09-12T22:02:57,99
2026-09-12T22:07:57,106
2026-09-12T22:12:57,104
2026-09-12T22:17:57,103
2026-09-12T22:22:57,95
2026-09-12T22:27:57,100
2026-09-12T22:32:57,105
2026-09-12T22:37:57,102
2026-09-12T22:42:57,108
2026-09-12T22:47:57,107
2026-09-12T22:52:57,103
2026-09-12T22:57:57,110
2026-09-12T23:02:58,113
2026-09-12T23:07:57,111
2026-09-12T23:12:57,110
2026-09-12T23:17:57,110
2026-09-12T23:22:57,105
2026-09-12T23:27:58,105
2026-09-12T23:33:00,113
2026-09-12T23:37:57,115
2026-09-12T23:42:57,114
2026-09-12T23:47:57,113
2026-09-12T23:52:57,113
2026-09-12T23:57:58,94
2026-09-13T00:02:57,73
2026-09-13T00:12:57,96
2026-09-13T00:17:57,112
2026-09-13T00:22:57,124
2026-09-13T00:27:58,118
2026-09-13T00:32:58,116
2026-09-13T00:37:57,118
2026-09-13T00:42:58,115
2026-09-13T00:47:57,115
2026-09-13T00:52:57,111
2026-09-13T00:57:57,111
2026-09-13T01:02:58,108
2026-09-13T01:07:58,108
2026-09-13T01:12:58,109
2026-09-13T01:17:57,106
2026-09-13T01:22:57,104
2026-09-13T01:27:58,102
2026-09-13T01:32:57,105
2026-09-13T01:38:00,106
2026-09-13T01:42:57,101
2026-09-13T01:52:57,43
2026-09-13T02:07:57,111
2026-09-13T02:12:58,128
2026-09-13T02:17:58,118
2026-09-13T02:22:58,113
2026-09-13T02:27:57,121
2026-09-13T02:32:58,120
2026-09-13T02:37:58,121
2026-09-13T02:42:58,121
2026-09-13T02:47:57,121
2026-09-13T02:52:58,117
2026-09-13T02:57:58,106
2026-09-13T03:02:57,101
2026-09-13T03:07:58,109
2026-09-13T03:12:58,114
2026-09-13T03:17:57,113
2026-09-13T03:22:58,112
2026-09-13T03:27:57,110
2026-09-13T03:32:58,109
2026-09-13T03:38:00,112
2026-09-13T03:42:58,113
2026-09-13T03:47:58,106
2026-09-13T03:52:58,112
2026-09-13T03:57:58,110
2026-09-13T04:02:57,105
2026-09-13T04:07:58,107
2026-09-13T04:12:58,108
2026-09-13T04:17:58,109
2026-09-13T04:22:57,110
2026-09-13T04:27:58,113
2026-09-13T04:32:58,115
2026-09-13T04:37:58,115
2026-09-13T04:42:58,114
2026-09-13T04:47:58,101
2026-09-13T04:52:58,119
2026-09-13T04:57:58,126
2026-09-13T05:02:58,111
2026-09-13T05:07:58,115
2026-09-13T05:12:58,120
2026-09-13T05:17:58,118
2026-09-13T05:22:58,121
2026-09-13T05:27:58,117
2026-09-13T05:32:58,128
2026-09-13T05:38:00,132
2026-09-13T05:42:58,125
2026-09-13T05:47:58,127
2026-09-13T05:52:58,135
2026-09-13T05:57:58,139
2026-09-13T06:02:58,139
2026-09-13T06:07:58,134
2026-09-13T06:12:58,135
2026-09-13T06:17:58,138
2026-09-13T06:22:58,140
2026-09-13T06:27:58,142
2026-09-13T06:32:58,143
2026-09-13T06:37:59,144
2026-09-13T06:42:58,148
2026-09-13T06:47:58,146
2026-09-13T06:52:58,146
2026-09-13T06:57:58,145
2026-09-13T07:02:58,144
2026-09-13T07:07:58,146
2026-09-13T07:12:59,147
2026-09-13T07:17:58,145
2026-09-13T07:22:58,148
2026-09-13T07:27:58,147
2026-09-13T07:32:58,146
2026-09-13T07:37:58,143
2026-09-13T07:43:01,145
2026-09-13T07:47:59,141
2026-09-13T07:52:58,123
2026-09-13T07:57:58,138
2026-09-13T08:02:58,147
2026-09-13T08:07:59,145
2026-09-13T08:12:59,144
2026-09-13T08:17:58,146
2026-09-13T08:22:58,151
2026-09-13T08:27:58,151
2026-09-13T08:32:59,151
2026-09-13T08:37:58,141
2026-09-13T08:42:58,135
2026-09-13T08:47:58,132
2026-09-13T08:52:58,128
2026-09-13T08:57:59,122
2026-09-13T09:02:58,120
2026-09-13T09:07:59,117
2026-09-13T09:12:59,117
2026-09-13T09:17:59,113
2026-09-13T09:22:59,107
2026-09-13T09:27:58,99
2026-09-13T09:32:58,90
2026-09-13T09:37:58,90
2026-09-13T09:42:58,77
2026-09-13T09:48:02,76
2026-09-13T09:52:58,76
2026-09-13T09:57:59,71
2026-09-13T10:02:59,67
2026-09-13T10:07:58,56
2026-09-13T10:12:59,58
2026-09-13T10:17:59,59
2026-09-13T10:22:59,66
2026-09-13T10:27:58,69
2026-09-13T10:32:59,77
2026-09-13T10:37:59,83
2026-09-13T10:42:59,91
2026-09-13T10:47:59,101
2026-09-13T10:52:58,109
2026-09-13T10:57:59,104
2026-09-13T11:02:59,111
2026-09-13T11:07:58,117
2026-09-13T11:12:58,122
2026-09-13T11:17:58,122
2026-09-13T11:22:59,134
2026-09-13T11:27:59,135
2026-09-13T11:32:59,136
2026-09-13T11:37:59,146
2026-09-13T11:42:59,145
2026-09-13T11:48:01,147
2026-09-13T11:52:59,153
2026-09-13T11:57:59,148
2026-09-13T12:02:59,147
2026-09-13T12:07:59,144
2026-09-13T12:12:59,137
2026-09-13T12:17:59,132
2026-09-13T12:22:59,121
2026-09-13T12:27:59,111
2026-09-13T12:32:59,126
2026-09-13T12:37:59,130
2026-09-13T12:42:59,143
2026-09-13T12:47:58,140
2026-09-13T12:52:59,144
2026-09-13T12:57:59,144
2026-09-13T13:02:59,141
2026-09-13T13:07:59,138
2026-09-13T13:12:59,136
2026-09-13T13:17:59,133
2026-09-13T13:22:59,132
2026-09-13T13:27:59,131
2026-09-13T13:32:59,131
2026-09-13T13:37:59,124
2026-09-13T13:42:59,118
2026-09-13T13:47:59,113
2026-09-13T13:53:02,107
2026-09-13T13:57:59,103
2026-09-13T14:02:59,109
2026-09-13T14:07:59,105
2026-09-13T14:12:59,116
2026-09-13T14:17:59,122
2026-09-13T14:23:00,118
2026-09-13T14:27:59,117
2026-09-13T14:32:59,109
2026-09-13T14:37:59,107
2026-09-13T14:42:59,101
2026-09-13T14:47:59,90
2026-09-13T14:53:00,86
2026-09-13T14:57:59,82
2026-09-13T15:02:59,76
